Animal_ID,Rack,Tank,DOB,Cohort,Environmental_Condition,Sex,Lineage,Transgenic_Line,Experimental_Holds,Species,Protocol_Number,Experimental_History,RFID,Date_of_Terra,Date_of_Reaqua,Diet
SAL_003,Rack 4,A1,,Reptile Rapture - Yellow,Aquatic,Female,,WT,Breeding,Pleurodeles waltl,AABL1550,,,,,
SAL_004,Rack 4,A1,1/21/20,Reptile Rapture - Yellow,Aquatic,Male,,WT,Breeding,Pleurodeles waltl,AABF2564,,,,,
SAL_005,Rack 12,C4,1/21/20,Reptile Rapture - Yellow,Aquatic,Male,,WT,Breeding,Pleurodeles waltl,AABF2564,,,,,
SAL_006,Rack 12,C4,1/21/20,Reptile Rapture - Yellow,Aquatic,Male,,WT,Breeding,Pleurodeles waltl,AABF2564,,,,,
SAL_007,Rack 12,B4,1/21/20,Reptiles & Critters ,Aquatic,Male,,WT,Breeding,Pleurodeles waltl,AABF2564,,,,,
SAL_008,Rack 12,B4,1/21/20,Reptiles & Critters ,Aquatic,Male,,WT,Breeding,Pleurodeles waltl,AABF2564,,,,,
SAL_009,Rack 4,A1,6/2/20,Jungle Bobs,Aquatic,Female,,WT,Breeding,Pleurodeles waltl,AABF2564,,,,,
SAL_010,Rack 12,A5,6/2/20,Jungle Bobs,Aquatic,Female,,WT,Breeding,Pleurodeles waltl,AABF2564,,,,,
SAL_011,Rack 12,B4,7/5/20,,Aquatic,Female,,WT,Breeding,Pleurodeles waltl,AABF2564,,,,,
SAL_012,Rack 12,B4,7/5/20,,Aquatic,Female,,WT,Breeding,Pleurodeles waltl,AABF2564,,,,,
SAL_013,Rack 12,B4,7/5/20,,Aquatic,Female,,WT,Breeding,Pleurodeles waltl,AABF2564,,,,,
SAL_014,Rack 12,A4,7/9/20,,Aquatic,Unknown,,WT,,Pleurodeles waltl,AABL1550,Craniotomy,,,,
SAL_015,Rack 12,A4,7/9/20,,Aquatic,Unknown,,WT,,Pleurodeles waltl,AABL1550,Flashtag,,,,
SAL_016,Rack 12,B1,7/5/20,,Aquatic,Male,,WT,,Pleurodeles waltl,AABL1550,,,,,
SAL_017,Rack 12,B1,7/5/20,,Aquatic,Male,,WT,,Pleurodeles waltl,AABL1550,,,,,
SAL_018,Rack 10,A1,9/20/20,Terra A,Terrestrial,Unknown,,WT,,Pleurodeles waltl,AABL1550,,,4/28/22,,Gummy Schedule
SAL_019,Rack 10,A1,9/20/20,Terra A,Terrestrial,Unknown,,WT,,Pleurodeles waltl,AABL1550,,,4/28/22,,Gummy Schedule
SAL_020,Rack 10,A1,9/20/20,Terra A,Terrestrial,Unknown,,WT,,Pleurodeles waltl,AABL1550,,,4/28/22,,Gummy Schedule
SAL_021,Rack 10,A1,9/20/20,Terra A,Terrestrial,Unknown,,WT,,Pleurodeles waltl,AABL1550,,,4/28/22,,Gummy Schedule
SAL_022,Rack 11,B4,9/24/20,Terra S,Terrestrial,Unknown,,WT,AMMM implant testing,Pleurodeles waltl,AABL1550,,,2/9/23,,Gummy Schedule
SAL_023,Rack 11,B4,9/24/20,Terra S,Terrestrial,Unknown,,WT,AMMM implant testing,Pleurodeles waltl,AABL1550,,,2/9/23,,Gummy Schedule
SAL_024,Rack 11,B4,9/24/20,Terra S,Terrestrial,Unknown,,WT,AMMM implant testing,Pleurodeles waltl,AABL1550,,,2/9/23,,Gummy Schedule
SAL_025,Rack 12,D4,11/30/20,,Aquatic,Male,,WT,Breeding,Pleurodeles waltl,AABF2564,,,,,
SAL_026,Rack 12,D4,11/30/20,,Aquatic,Male,,WT,Breeding,Pleurodeles waltl,AABF2564,,,,,
SAL_027,Rack 12,D4,11/30/20,,Aquatic,Male,,WT,Breeding,Pleurodeles waltl,AABF2564,,,,,
SAL_028,Rack 12,D4,11/30/20,,Aquatic,Male,,WT,Breeding,Pleurodeles waltl,AABF2564,,,,,
SAL_029,Rack 12,D4,11/30/20,,Aquatic,Male,,WT,Breeding,Pleurodeles waltl,AABF2564,,,,,
SAL_030,Rack 2,A1,3/23/21 0:00,F0,Aquatic,Unknown,,hsyn-Cre,,Pleurodeles waltl,AABF2564,,,,,
SAL_031,Rack 2,A1,3/23/21 0:00,F0,Aquatic,Unknown,,hsyn-Cre,,Pleurodeles waltl,AABF2564,,,,,
SAL_032,Rack 2,A2,11/28/20 0:00,F0,Aquatic,Unknown,,hsyn-Cre,,Pleurodeles waltl,AABF2564,,,,,
SAL_033,Rack 2,A2,11/28/20 0:00,F0,Aquatic,Unknown,,hsyn-Cre,,Pleurodeles waltl,AABF2564,,,,,
SAL_034,Rack 2,A3,3/7/21 0:00,,Aquatic,Unknown,,mDlx-GFP,,Pleurodeles waltl,AABL1550,with signal,,,,
SAL_035,Rack 2,B5,11/18/20 0:00,F0,Aquatic,Unknown,,hsyn-Cre,,Pleurodeles waltl,AABF2564,genotyped +,,,,
SAL_036,Rack 3,B4,9/24/20 0:00,F0,Aquatic,Female,,hsyn-GCaMP6s,,Pleurodeles waltl,AABL1550,Previously known as Mother of All GCaMPs,,,,
SAL_037,Rack 3,B3,3/8/21 0:00,F0,Aquatic,Male,,hsyn-GCaMP6s,,Pleurodeles waltl,AABL1550,,,,,
SAL_038,Rack 3,C4,11/18/20 0:00,F0,Aquatic,Female,,hsyn-Cre,,Pleurodeles waltl,AABF2564,,,,,
SAL_039,Rack 2,B1,11/19/20 0:00,F0,Aquatic,Unknown,,hsyn-GCaMP6s,,Pleurodeles waltl,AABL1550,good signal,,,,
SAL_040,Rack 2,B1,7/14/21 0:00,F0,Aquatic,Unknown,,hsyn-GCaMP6s,,Pleurodeles waltl,AABL1550,good signal,Leucistic,,,
SAL_041,Rack 2,D4,11/11/21 0:00,,Aquatic,Unknown,,WT,LX ,Pleurodeles waltl,AABL1550,LX viral injections,,,,
SAL_042,Rack 2,D4,11/11/21 0:00,,Aquatic,Unknown,,WT,LX ,Pleurodeles waltl,AABL1550,LX viral injections,,,,
SAL_043,Rack 2,D4,11/11/21 0:00,,Aquatic,Unknown,,WT,LX ,Pleurodeles waltl,AABL1550,LX viral injections,,,,
SAL_044,Rack 2,D4,11/11/21 0:00,,Aquatic,Unknown,,WT,LX ,Pleurodeles waltl,AABL1550,LX viral injections,,,,
SAL_045,Rack 2,D4,11/11/21 0:00,,Aquatic,Unknown,,WT,LX ,Pleurodeles waltl,AABL1550,LX viral injections,,,,
SAL_046,Rack 2,D4,11/11/21 0:00,,Aquatic,Unknown,,WT,LX ,Pleurodeles waltl,AABL1550,LX viral injections,,,,
SAL_047,Rack 2,D1,11/10/21 0:00,,Aquatic,Unknown,,WT,AD,Pleurodeles waltl,AABF2564,AD EdU @ St 41,,,,
SAL_048,Rack 2,D1,11/10/21 0:00,,Aquatic,Unknown,,WT,AD,Pleurodeles waltl,AABF2564,AD EdU @ St 41,,,,
SAL_049,Rack 2,D1,11/10/21 0:00,,Aquatic,Unknown,,WT,AD,Pleurodeles waltl,AABF2564,AD EdU @ St 41,,,,
SAL_050,Rack 2,D1,11/10/21 0:00,,Aquatic,Unknown,,WT,AD,Pleurodeles waltl,AABF2564,AD EdU @ St 41,,,,
SAL_051,Rack 2,D1,11/10/21 0:00,,Aquatic,Unknown,,WT,AD,Pleurodeles waltl,AABF2564,AD EdU @ St 41,,,,
SAL_052,Rack 2,D2,11/10/21 0:00,,Aquatic,Unknown,,WT,AD,Pleurodeles waltl,AABF2564,AD EdU @ St 50,,,,
SAL_053,Rack 2,D2,11/10/21 0:00,,Aquatic,Unknown,,WT,AD,Pleurodeles waltl,AABF2564,AD EdU @ St 50,,,,
SAL_054,Rack 2,D2,11/10/21 0:00,,Aquatic,Unknown,,WT,AD,Pleurodeles waltl,AABF2564,AD EdU @ St 50,,,,
SAL_055,Rack 2,D2,11/10/21 0:00,,Aquatic,Unknown,,WT,AD,Pleurodeles waltl,AABF2564,AD EdU @ St 50,,,,
SAL_056,Rack 2,D2,11/10/21 0:00,,Aquatic,Unknown,,WT,AD,Pleurodeles waltl,AABF2564,AD EdU @ St 50,,,,
SAL_057,Rack 2,B4,,,Terrestrial,Unknown,,WT,DNE - Fake Placeholder ,Pleurodeles waltl,AABF2564,,,,,
SAL_058,Rack 2,B4,,,Aquatic,Unknown,,WT,DNE - Fake Placeholder ,Pleurodeles waltl,AABF2564,,,,,
SAL_059,Rack 2,B4,,,Aquatic,Unknown,,WT,DNE - Fake Placeholder ,Pleurodeles waltl,AABF2564,,,,,
SAL_060,Rack 2,D2,11/10/21 0:00,,Aquatic,Unknown,,WT,AD,Pleurodeles waltl,AABF2564,AD - EdU @ St 50,,,,
SAL_061,Rack 10,A2,11/11/21 0:00,Terra B,Terrestrial,Unknown,,WT,AMMM,Pleurodeles waltl,AABL1550,"Odor conditioning, other tests, olfnav",,10/7/22 0:00,,
SAL_062,Rack 10,A2,11/11/21 0:00,Terra B,Terrestrial,Unknown,,WT,AMMM,Pleurodeles waltl,AABL1550,"Odor conditioning, other tests, olfnav",,10/7/22 0:00,,
SAL_063,Rack 10,A2,11/11/21 0:00,Terra B,Terrestrial,Unknown,,WT,AMMM,Pleurodeles waltl,AABL1550,"Odor conditioning, other tests, olfnav",,10/7/22 0:00,,
SAL_064,Rack 12,A1,11/11/21 0:00,,Aquatic,Female,,WT,Breeding,Pleurodeles waltl,AABF2564,Mother of 12/10/23,,,,
SAL_065,Rack 12,B1,11/11/21 0:00,,Aquatic,Female,,WT,Breeding,Pleurodeles waltl,AABF2564,,,,,
SAL_066,Rack 12,B1,11/11/21 0:00,,Aquatic,Female,,WT,Breeding,Pleurodeles waltl,AABF2564,,,,,
SAL_067,Rack 12,C1,3/8/21 0:00,F0,Aquatic,Male,,hsyn-GCaMP6s,,Pleurodeles waltl,AABL1550,,,,,
SAL_068,Rack 12,C1,3/8/21 0:00,F0,Aquatic,Male,,hsyn-GCaMP6s,,Pleurodeles waltl,AABL1550,,,,,
SAL_069,Rack 12,C1,11/19/20 0:00,F0,Aquatic,Female,,hsyn-GCaMP6s,,Pleurodeles waltl,AABL1550,Breeders,,,,
SAL_070,Rack 12,C1,11/19/20 0:00,F0,Aquatic,Female,,hsyn-GCaMP6s,,Pleurodeles waltl,AABL1550,Breeders,,,,
SAL_071,Rack 8,B5,11/4/21 0:00,previous Terra D,Reaqua,Unknown,,WT,,Pleurodeles waltl,AABL1550,,,,,Gummy Schedule
SAL_072,Rack 8,B5,11/4/21 0:00,previous Terra D,Reaqua,Unknown,,WT,,Pleurodeles waltl,AABL1550,,,,,Gummy Schedule
SAL_073,Rack 8,B5,11/4/21 0:00,previous Terra D,Reaqua,Unknown,,WT,,Pleurodeles waltl,AABL1550,,,,,Gummy Schedule
SAL_074,Rack 3,A1,2/3/22 0:00,,Aquatic,Unknown,,WT,Breeding,Pleurodeles waltl,AABF2564,,,,,
SAL_075,Rack 3,A1,2/3/22 0:00,,Aquatic,Unknown,,WT,Breeding,Pleurodeles waltl,AABF2564,,,,,
SAL_076,Rack 3,A3,2/3/22 0:00,,Aquatic,Female,,WT,Breeding,Pleurodeles waltl,AABF2564,,,,,
SAL_077,Rack 3,A3,2/3/22 0:00,,Aquatic,Female,,WT,Breeding,Pleurodeles waltl,AABF2564,,,,,
SAL_078,Rack 3,A3,7/5/20 0:00,,Aquatic,Male,,WT,Breeding,Pleurodeles waltl,AABF2564,,,,,
SAL_079,Rack 3,A3,7/5/20 0:00,,Aquatic,Male,,WT,Breeding,Pleurodeles waltl,AABF2564,,,,,
SAL_080,Rack 3,B1,2/23/22 0:00,,Aquatic,Male,,WT,Breeding,Pleurodeles waltl,AABF2564,,,,,
SAL_081,Rack 3,B1,2/23/22 0:00,,Aquatic,Male,,WT,Breeding,Pleurodeles waltl,AABF2564,,,,,
SAL_082,Rack 3,B1,2/23/22 0:00,,Aquatic,Male,,WT,Breeding,Pleurodeles waltl,AABF2564,,,,,
SAL_083,Rack 3,B1,2/23/22 0:00,,Aquatic,Male,,WT,Breeding,Pleurodeles waltl,AABF2564,,,,,
SAL_084,Rack 3,B1,2/23/22 0:00,,Aquatic,Male,,WT,Breeding,Pleurodeles waltl,AABF2564,,,,,
SAL_085,Rack 3,B1,2/23/22 0:00,,Aquatic,Male,,WT,Breeding,Pleurodeles waltl,AABF2564,,,,,
SAL_086,Rack 3,B1,2/23/22 0:00,,Aquatic,Male,,WT,Breeding,Pleurodeles waltl,AABF2564,,,,,
SAL_087,Rack 3,B1,2/23/22 0:00,,Aquatic,Male,,WT,Breeding,Pleurodeles waltl,AABF2564,,,,,
SAL_088,Rack 3,B1,2/23/22 0:00,,Aquatic,Male,,WT,Breeding,Pleurodeles waltl,AABF2564,,,,,
SAL_094,Rack 2,D5,2/23/22 0:00,,Aquatic,Unknown,,WT,,Pleurodeles waltl,AABF2564,,,,,
SAL_095,Rack 2,D5,2/23/22 0:00,,Aquatic,Unknown,,WT,,Pleurodeles waltl,AABF2564,,,,,
SAL_096,Rack 12,A3,2/23/22 0:00,,Aquatic,Male,,WT,Breeding,Pleurodeles waltl,AABF2564,,EED,,,
SAL_097,Rack 10,A3,2/23/22 0:00,Terra C,Terrestrial,Unknown,,WT,JW Histology - matched on R8,Pleurodeles waltl,AABL1550,,,6/20/23 0:00,,
SAL_098,Rack 10,A3,2/23/22 0:00,Terra C,Terrestrial,Unknown,,WT,JW Histology - matched on R8,Pleurodeles waltl,AABL1550,,,6/20/23 0:00,,
SAL_099,Rack 10,A3,2/23/22 0:00,Terra C,Terrestrial,Unknown,,WT,JW Histology - matched on R8,Pleurodeles waltl,AABL1550,,,6/20/23 0:00,,
SAL_100,Rack 10,A3,2/23/22 0:00,Terra C,Terrestrial,Unknown,,WT,JW Histology - matched on R8,Pleurodeles waltl,AABL1550,,,6/20/23 0:00,,
SAL_101,Rack 10,A3,2/23/22 0:00,Terra C,Terrestrial,Unknown,,WT,JW Histology - matched on R8,Pleurodeles waltl,AABL1550,,,6/20/23 0:00,,
SAL_102,Rack 11,A1,2/23/22 0:00,Terra L,Terrestrial,Unknown,,WT,,Pleurodeles waltl,AABL1550,,,4/23/25 0:00,,
SAL_103,Rack 11,A1,2/23/22 0:00,Terra L,Terrestrial,Unknown,,WT,,Pleurodeles waltl,AABL1550,,,4/23/25 0:00,,
SAL_104,Rack 11,A1,2/23/22 0:00,Terra L,Terrestrial,Unknown,,WT,,Pleurodeles waltl,AABL1550,,,4/23/25 0:00,,
SAL_105,Rack 11,A1,2/23/22 0:00,Terra L,Terrestrial,Unknown,,WT,,Pleurodeles waltl,AABL1550,,,4/23/25 0:00,,
SAL_106,Rack 11,A1,2/23/22 0:00,Terra L,Terrestrial,Unknown,,WT,,Pleurodeles waltl,AABL1550,,,4/23/25 0:00,,
SAL_107,Rack 11,A1,2/23/22 0:00,Terra L,Terrestrial,Unknown,,WT,,Pleurodeles waltl,AABL1550,,,4/23/25 0:00,,
SAL_108,Rack 11,A3,2/23/22 0:00,Terra N,Terrestrial,Unknown,,WT,,Pleurodeles waltl,AABL1550,,,4/23/25 0:00,,
SAL_109,Rack 11,A3,2/23/22 0:00,Terra N,Terrestrial,Unknown,,WT,,Pleurodeles waltl,AABL1550,,,4/23/25 0:00,,
SAL_110,Rack 11,A3,2/23/22 0:00,Terra N,Terrestrial,Unknown,,WT,,Pleurodeles waltl,AABL1550,,,4/23/25 0:00,,
SAL_111,Rack 11,A3,2/23/22 0:00,Terra N,Terrestrial,Unknown,,WT,,Pleurodeles waltl,AABL1550,,,4/23/25 0:00,,
SAL_112,Rack 11,A3,2/23/22 0:00,Terra N,Terrestrial,Unknown,,WT,,Pleurodeles waltl,AABL1550,,,4/23/25 0:00,,
SAL_113,Rack 8,C2,2/23/22 0:00,Aqua H/K,Aquatic,Unknown,,WT,,Pleurodeles waltl,AABL1550,,,,,Gummy Schedule
SAL_114,Rack 8,C2,2/23/22 0:00,Aqua H/K,Aquatic,Unknown,,WT,,Pleurodeles waltl,AABL1550,,,,,Gummy Schedule
SAL_115,Rack 8,C2,2/23/22 0:00,Aqua H/K,Aquatic,Unknown,,WT,,Pleurodeles waltl,AABL1550,,,,,Gummy Schedule
SAL_116,Rack 8,C2,2/23/22 0:00,Aqua H/K,Aquatic,Unknown,,WT,,Pleurodeles waltl,AABL1550,,,,,Gummy Schedule
SAL_117,Rack 8,C2,2/23/22 0:00,Aqua H/K,Aquatic,Unknown,,WT,,Pleurodeles waltl,AABL1550,,,,,Gummy Schedule
SAL_118,Rack 8,C3,2/23/22 0:00,Aqua H/K,Aquatic,Unknown,,WT,JW Multiome,Pleurodeles waltl,AABL1550,,,,,Gummy Schedule
SAL_119,Rack 8,C3,2/23/22 0:00,Aqua H/K,Aquatic,Unknown,,WT,JW Multiome,Pleurodeles waltl,AABL1550,,,,,Gummy Schedule
SAL_120,Rack 8,C5,2/23/22 0:00,Aqua C',Aquatic,Unknown,,WT,JW,Pleurodeles waltl,AABL1550,,,,,Gummy Schedule
SAL_121,Rack 8,C5,2/23/22 0:00,Aqua C',Aquatic,Unknown,,WT,JW,Pleurodeles waltl,AABL1550,,,,,Gummy Schedule
SAL_122,Rack 8,C5,2/23/22 0:00,Aqua C',Aquatic,Unknown,,WT,JW,Pleurodeles waltl,AABL1550,,,,,Gummy Schedule
SAL_123,Rack 8,C5,2/23/22 0:00,Aqua C',Aquatic,Unknown,,WT,JW,Pleurodeles waltl,AABL1550,,,,,Gummy Schedule
SAL_124,Rack 2,B3,3/29/22 0:00,F1,Aquatic,Unknown,,hsyn-Cre,,Pleurodeles waltl,AABF2564,genotyped +,,,,
SAL_125,Rack 2,B3,3/29/22 0:00,F1,Aquatic,Unknown,,hsyn-Cre,,Pleurodeles waltl,AABF2564,genotyped +,,,,
SAL_126,Rack 2,B3,3/29/22 0:00,F1,Aquatic,Unknown,,hsyn-Cre,,Pleurodeles waltl,AABF2564,genotyped +,,,,
SAL_127,Rack 2,B3,3/29/22 0:00,F1,Aquatic,Unknown,,hsyn-Cre,,Pleurodeles waltl,AABF2564,genotyped +,,,,
SAL_128,Rack 2,B3,3/29/22 0:00,F1,Aquatic,Unknown,,hsyn-Cre,,Pleurodeles waltl,AABF2564,genotyped +,,,,
SAL_129,Rack 2,C1,3/1/23 0:00,,Aquatic,Unknown,,WT,ECJ,Pleurodeles waltl,AABL1550,ECJ - Viral CAG G8s,,,,
SAL_130,Rack 2,C1,3/30/22 0:00,F1,Aquatic,Unknown,,hsyn-GCaMP6s,ECJ,Pleurodeles waltl,AABL1550,,,,,
SAL_131,Rack 2,C5,3/29/22 0:00,F1,Aquatic,Unknown,,hsyn-Cre,,Pleurodeles waltl,AABF2564,genotyped +,,,,
SAL_132,Rack 2,C5,3/29/22 0:00,F1,Aquatic,Unknown,,hsyn-Cre,,Pleurodeles waltl,AABF2564,genotyped +,,,,
SAL_133,Rack 2,C5,3/29/22 0:00,F1,Aquatic,Unknown,,hsyn-Cre,,Pleurodeles waltl,AABF2564,genotyped +,,,,
SAL_134,Rack 2,C5,3/29/22 0:00,F1,Aquatic,Unknown,,hsyn-Cre,,Pleurodeles waltl,AABF2564,genotyped +,,,,
SAL_135,Rack 2,C5,3/29/22 0:00,F1,Aquatic,Unknown,,hsyn-Cre,,Pleurodeles waltl,AABF2564,genotyped +,,,,
SAL_136,Rack 2,C5,3/29/22 0:00,F1,Aquatic,Unknown,,hsyn-Cre,,Pleurodeles waltl,AABF2564,genotyped +,,,,
SAL_137,Rack 2,C5,3/29/22 0:00,F1,Aquatic,Unknown,,hsyn-Cre,,Pleurodeles waltl,AABF2564,genotyped +,,,,
SAL_138,Rack 4,D4,3/21/22 0:00,,Aquatic,Unknown,,WT,DNE - Fake Placeholder ,Pleurodeles waltl,AABI2617,,,,,
SAL_139,Rack 4,D4,3/21/22 0:00,,Aquatic,Unknown,,WT,,Pleurodeles waltl,AABI2617,TC - limb regeneration,,,,
SAL_140,Rack 4,D4,3/21/22 0:00,,Aquatic,Unknown,,WT,,Pleurodeles waltl,AABI2617,TC - limb regeneration,,,,
SAL_141,Rack 4,D4,3/21/22 0:00,,Aquatic,Unknown,,WT,,Pleurodeles waltl,AABI2617,TC - limb regeneration,,,,
SAL_142,Rack 4,D4,3/21/22 0:00,,Aquatic,Unknown,,WT,,Pleurodeles waltl,AABI2617,TC - limb regeneration,,,,
SAL_143,Rack 11,B2,3/21/22 0:00,Terra Q,Terrestrial,Unknown,,WT,,Pleurodeles waltl,AABL1550,,,4/3/25 0:00,,Gummy Schedule
SAL_144,Rack 11,B2,3/21/22 0:00,Terra Q,Terrestrial,Unknown,,WT,,Pleurodeles waltl,AABL1550,,,4/3/25 0:00,,Gummy Schedule
SAL_145,Rack 11,B2,3/21/22 0:00,Terra Q,Terrestrial,Unknown,,WT,,Pleurodeles waltl,AABL1550,,,4/3/25 0:00,,Gummy Schedule
SAL_146,Rack 11,B2,3/21/22 0:00,Terra Q,Terrestrial,Unknown,,WT,,Pleurodeles waltl,AABL1550,,,4/3/25 0:00,,Gummy Schedule
SAL_147,Rack 11,B2,3/21/22 0:00,Terra Q,Terrestrial,Unknown,,WT,,Pleurodeles waltl,AABL1550,,,4/3/25 0:00,,Gummy Schedule
SAL_148,Rack 11,B2,3/21/22 0:00,Terra Q,Terrestrial,Unknown,,WT,,Pleurodeles waltl,AABL1550,,,4/3/25 0:00,,Gummy Schedule
SAL_149,Rack 8,A2,3/16/22 0:00,,Aquatic,Unknown,,WT,,Pleurodeles waltl,AABF2564,,,,,Gummy Schedule
SAL_150,Rack 8,A2,3/16/22 0:00,,Aquatic,Unknown,,WT,,Pleurodeles waltl,AABF2564,,,,,Gummy Schedule
SAL_151,Rack 8,A3,3/16/22 0:00,,Aquatic,Unknown,,WT,,Pleurodeles waltl,AABF2564,,,,,Gummy Schedule
SAL_152,Rack 8,A3,3/16/22 0:00,,Aquatic,Unknown,,WT,,Pleurodeles waltl,AABF2564,,,,,Gummy Schedule
SAL_153,Rack 8,A3,3/16/22 0:00,,Aquatic,Unknown,,WT,,Pleurodeles waltl,AABF2564,,,,,Gummy Schedule
SAL_154,Rack 8,A4,3/16/22 0:00,,Aquatic,Unknown,,WT,,Pleurodeles waltl,AABL1550,Viral G8s Flex ECJ,,,,Gummy Schedule
SAL_155,Rack 8,C4,3/21/22 0:00,,Aquatic,Male,,WT,LX - St Jude,Pleurodeles waltl,AABL1550,,,,,Gummy Schedule
SAL_156,Rack 8,C4,3/21/22 0:00,,Aquatic,Male,,WT,LX - St Jude,Pleurodeles waltl,AABL1550,,,,,Gummy Schedule
SAL_157,Rack 8,C4,3/21/22 0:00,,Aquatic,Male,,WT,LX - St Jude,Pleurodeles waltl,AABL1550,,,,,Gummy Schedule
SAL_158,Rack 8,C4,3/21/22 0:00,,Aquatic,Male,,WT,LX - St Jude,Pleurodeles waltl,AABL1550,,,,,Gummy Schedule
SAL_159,Rack 8,D2,5/4/22 0:00,,Aquatic,Unknown,,WT,,Pleurodeles waltl,AABL1550,,,,,Gummy Schedule
SAL_160,Rack 8,D2,5/4/22 0:00,,Aquatic,Unknown,,WT,,Pleurodeles waltl,AABL1550,,,,,Gummy Schedule
SAL_161,Rack 8,D2,5/4/22 0:00,,Aquatic,Unknown,,WT,,Pleurodeles waltl,AABL1550,,,,,Gummy Schedule
SAL_162,Rack 8,D2,5/4/22 0:00,,Aquatic,Unknown,,WT,,Pleurodeles waltl,AABL1550,,,,,Gummy Schedule
SAL_163,Rack 8,D2,5/4/22 0:00,,Aquatic,Unknown,,WT,,Pleurodeles waltl,AABL1550,,,,,Gummy Schedule
SAL_164,Rack 8,D2,5/4/22 0:00,,Aquatic,Unknown,,WT,,Pleurodeles waltl,AABL1550,,,,,Gummy Schedule
SAL_165,Rack 8,D5,3/21/22 0:00,,Reaqua,Unknown,,WT,,Pleurodeles waltl,AABL1550,,,1/10/22 0:00,,Gummy Schedule
SAL_166,Rack 8,D5,3/21/22 0:00,,Reaqua,Unknown,,WT,,Pleurodeles waltl,AABL1550,,,1/10/22 0:00,,Gummy Schedule
SAL_167,Rack 8,D5,3/21/22 0:00,,Reaqua,Unknown,,WT,,Pleurodeles waltl,AABL1550,,,1/10/22 0:00,,Gummy Schedule
SAL_168,Rack 8,D5,3/21/22 0:00,,Reaqua,Unknown,,WT,,Pleurodeles waltl,AABL1550,,,1/10/22 0:00,,Gummy Schedule
SAL_169,Rack 8,D5,3/21/22 0:00,,Reaqua,Unknown,,WT,,Pleurodeles waltl,AABL1550,,,1/10/22 0:00,,Gummy Schedule
SAL_170,Rack 2,A4,2/2/23 0:00,,Aquatic,Unknown,,WT,ECJ,Pleurodeles waltl,AABL1550,PHP CAG G8s ECJ,,,,
SAL_171,Rack 2,A5,1/14/23 0:00,,Aquatic,Unknown,,hsyn-GCaMP6s,Priority to use ,Pleurodeles waltl,AABL1550,low signal/inconclusive/1 is soma G7s,,,,
SAL_172,Rack 2,A5,1/14/23 0:00,,Aquatic,Unknown,,hsyn-GCaMP6s,Priority to use ,Pleurodeles waltl,AABL1550,low signal/inconclusive/1 is soma G7s,,,,
SAL_173,Rack 2,A5,1/14/23 0:00,,Aquatic,Unknown,,hsyn-GCaMP6s,Priority to use ,Pleurodeles waltl,AABL1550,low signal/inconclusive/1 is soma G7s,,,,
SAL_174,Rack 2,B2,1/14/23 0:00,,Aquatic,Unknown,,WT,,Pleurodeles waltl,AABL1550,Craniotomy Leucistic; Viral PHPeB CAG G8s,,,,
SAL_175,Rack 2,B2,1/14/23 0:00,,Aquatic,Unknown,,hsyn-GCaMP6s,,Pleurodeles waltl,AABL1550,Craniotomy,,,,
SAL_176,Rack 2,D3,2/2/23 0:00,EdU,Aquatic,Unknown,,WT,AD,Pleurodeles waltl,AABF2564,"AD EdU @ St 55a, 1 WT mixed in ",,,,
SAL_177,Rack 2,D3,2/2/23 0:00,EdU,Aquatic,Unknown,,WT,AD,Pleurodeles waltl,AABF2564,"AD EdU @ St 55a, 1 WT mixed in ",,,,
SAL_178,Rack 2,D3,2/2/23 0:00,EdU,Aquatic,Unknown,,WT,AD,Pleurodeles waltl,AABF2564,"AD EdU @ St 55a, 1 WT mixed in ",,,,
SAL_179,Rack 3,C3,1/13/23 0:00,,Aquatic,Unknown,,WT,Breeding,Pleurodeles waltl,AABL1550,Leucistic,,,,
SAL_180,Rack 3,C3,1/13/23 0:00,,Aquatic,Unknown,,WT,Breeding,Pleurodeles waltl,AABL1550,Leucistic,,,,
SAL_181,Rack 3,C3,11/11/21 0:00,,Aquatic,Unknown,,WT,,Pleurodeles waltl,AABL1550,Craniotomy Test LX,,,,
SAL_182,Rack 4,A4,2/2/23 0:00,,Aquatic,Unknown,,WT,,Pleurodeles waltl,AABF2564,,,,,
SAL_183,Rack 4,A4,2/2/23 0:00,,Aquatic,Unknown,,WT,,Pleurodeles waltl,AABF2564,,,,,
SAL_184,Rack 4,A4,2/2/23 0:00,,Aquatic,Unknown,,WT,,Pleurodeles waltl,AABF2564,,,,,
SAL_185,Rack 4,A5,2/2/23 0:00,,Aquatic,Unknown,,WT,,Pleurodeles waltl,AABF2564,,,,,
SAL_186,Rack 4,A5,2/2/23 0:00,,Aquatic,Unknown,,WT,,Pleurodeles waltl,AABF2564,,,,,
SAL_187,Rack 4,A5,2/2/23 0:00,,Aquatic,Unknown,,WT,,Pleurodeles waltl,AABF2564,,,,,
SAL_188,Rack 4,A5,2/2/23 0:00,,Aquatic,Unknown,,WT,,Pleurodeles waltl,AABF2564,,,,,
SAL_189,Rack 4,A5,2/2/23 0:00,,Aquatic,Unknown,,WT,,Pleurodeles waltl,AABF2564,,,,,
SAL_190,Rack 4,C5,1/14/23 0:00,Viral,Aquatic,Unknown,,WT,,Pleurodeles waltl,AABL1550,Viral PHPeB CAG G8s LX,,,,
SAL_191,Rack 4,C5,1/14/23 0:00,Viral,Aquatic,Unknown,,WT,,Pleurodeles waltl,AABL1550,Viral PHPeB CAG G8s LX,,,,
SAL_192,Rack 4,C5,1/14/23 0:00,Viral,Aquatic,Unknown,,WT,,Pleurodeles waltl,AABL1550,Viral PHPeB CAG G8s LX,,,,
SAL_193,Rack 4,C5,1/14/23 0:00,Viral,Aquatic,Unknown,,WT,,Pleurodeles waltl,AABL1550,Viral PHPeB CAG G8s LX,,,,
SAL_194,Rack 11,B1,1/13/23 0:00,Terra P,Terrestrial,Unknown,,WT,,Pleurodeles waltl,AABL1550,,,4/3/25 0:00,,
SAL_195,Rack 11,B1,1/13/23 0:00,Terra P,Terrestrial,Unknown,,WT,,Pleurodeles waltl,AABL1550,,,4/3/25 0:00,,
SAL_196,Rack 11,B1,1/13/23 0:00,Terra P,Terrestrial,Unknown,,WT,,Pleurodeles waltl,AABL1550,,,4/3/25 0:00,,
SAL_197,Rack 11,B1,1/13/23 0:00,Terra P,Terrestrial,Unknown,,WT,,Pleurodeles waltl,AABL1550,,,4/3/25 0:00,,
SAL_198,Rack 11,B1,1/13/23 0:00,Terra P,Terrestrial,Unknown,,WT,,Pleurodeles waltl,AABL1550,,,4/3/25 0:00,,
SAL_199,Rack 11,B1,1/13/23 0:00,Terra P,Terrestrial,Unknown,,WT,,Pleurodeles waltl,AABL1550,,,4/3/25 0:00,,
SAL_200,Rack 8,B4,2/2/23 0:00,,Aquatic,Unknown,,WT,,Pleurodeles waltl,AABL1550,,,,,
SAL_201,Rack 8,B4,2/2/23 0:00,,Aquatic,Unknown,,WT,,Pleurodeles waltl,AABL1550,,,,,
SAL_202,Rack 8,B4,2/2/23 0:00,,Aquatic,Unknown,,WT,,Pleurodeles waltl,AABL1550,,,,,
SAL_203,Rack 8,B4,2/2/23 0:00,,Aquatic,Unknown,,WT,,Pleurodeles waltl,AABL1550,,,,,
SAL_204,Rack 4,A1,8/5/23 0:00,,Aquatic,Female,,WT,LX St Jude,Pleurodeles waltl,AABL1550,,,,,
SAL_205,Rack 4,A1,8/5/23 0:00,,Aquatic,Female,,WT,LX St Jude,Pleurodeles waltl,AABL1550,,,,,
SAL_206,Rack 4,A1,8/5/23 0:00,,Aquatic,Female,,WT,LX St Jude,Pleurodeles waltl,AABL1550,,,,,
SAL_207,Rack 4,A2,7/30/23 0:00,,Aquatic,Unknown,,WT,,Pleurodeles waltl,AABF2564,,,,,
SAL_208,Rack 4,A2,7/30/23 0:00,,Aquatic,Unknown,,WT,,Pleurodeles waltl,AABF2564,,,,,
SAL_209,Rack 4,A2,7/30/23 0:00,,Aquatic,Unknown,,WT,,Pleurodeles waltl,AABF2564,,,,,
SAL_210,Rack 4,A2,7/30/23 0:00,,Aquatic,Unknown,,WT,,Pleurodeles waltl,AABF2564,,,,,
SAL_211,Rack 4,A2,7/30/23 0:00,,Aquatic,Unknown,,WT,,Pleurodeles waltl,AABF2564,,,,,
SAL_212,Rack 4,C3,8/7/23 0:00,Viral,Aquatic,Unknown,,WT,ECJ,Pleurodeles waltl,AABL1550,ECJ Viral PHPeB CAG G8s,,,,
SAL_213,Rack 4,C3,8/7/23 0:00,Viral,Aquatic,Unknown,,WT,ECJ,Pleurodeles waltl,AABL1550,ECJ Viral PHPeB CAG G8s,,,,
SAL_214,Rack 4,C3,8/7/23 0:00,Viral,Aquatic,Unknown,,WT,ECJ,Pleurodeles waltl,AABL1550,ECJ Viral PHPeB CAG G8s,,,,
SAL_215,Rack 4,C3,8/7/23 0:00,Viral,Aquatic,Unknown,,WT,ECJ,Pleurodeles waltl,AABL1550,ECJ Viral PHPeB CAG G8s,,,,
SAL_216,Rack 4,C3,8/7/23 0:00,Viral,Aquatic,Unknown,,WT,ECJ,Pleurodeles waltl,AABL1550,ECJ Viral PHPeB CAG G8s,,,,
SAL_217,Rack 4,C4,7/21/23 0:00,Viral,Aquatic,Unknown,,WT,ECJ,Pleurodeles waltl,AABL1550,ECJ Viral PHPeB CAG G8s,,,,
SAL_218,Rack 4,C4,7/21/23 0:00,Viral,Aquatic,Unknown,,WT,ECJ,Pleurodeles waltl,AABL1550,ECJ Viral PHPeB CAG G8s,,,,
SAL_219,Rack 4,C4,7/21/23 0:00,Viral,Aquatic,Unknown,,WT,ECJ,Pleurodeles waltl,AABL1550,ECJ Viral PHPeB CAG G8s,,,,
SAL_220,Rack 4,C4,7/21/23 0:00,Viral,Aquatic,Unknown,,WT,ECJ,Pleurodeles waltl,AABL1550,ECJ Viral PHPeB CAG G8s,,,,
SAL_221,Rack 4,C4,7/21/23 0:00,Viral,Aquatic,Unknown,,WT,ECJ,Pleurodeles waltl,AABL1550,ECJ Viral PHPeB CAG G8s,,,,
SAL_222,Rack 6,C5,7/21/23 0:00,,Aquatic,Unknown,,WT,,Pleurodeles waltl,AABF2564,,,,,
SAL_223,Rack 6,C5,7/21/23 0:00,,Aquatic,Unknown,,WT,,Pleurodeles waltl,AABF2564,,,,,
SAL_224,Rack 10,B1,11/24/23 0:00,Terra E ,Terrestrial,Unknown,F1,hsyn-GCaMP6s,TS ECJ Imaging,Pleurodeles waltl,AABL1550,,,11/12/24 0:00,,Gummy Schedule
SAL_225,Rack 10,B1,11/24/23 0:00,Terra E ,Terrestrial,Unknown,F1,hsyn-GCaMP6s,TS ECJ Imaging,Pleurodeles waltl,AABL1550,,,11/12/24 0:00,,Gummy Schedule
SAL_226,Rack 10,B1,11/24/23 0:00,Terra E ,Terrestrial,Unknown,F1,hsyn-GCaMP6s,TS ECJ Imaging,Pleurodeles waltl,AABL1550,,,11/12/24 0:00,,Gummy Schedule
SAL_227,Rack 10,B1,11/24/23 0:00,Terra E ,Terrestrial,Unknown,F1,hsyn-GCaMP6s,TS ECJ Imaging,Pleurodeles waltl,AABL1550,,,11/12/24 0:00,,Gummy Schedule
SAL_228,Rack 10,B1,11/24/23 0:00,Terra E ,Terrestrial,Unknown,F1,hsyn-GCaMP6s,TS ECJ Imaging,Pleurodeles waltl,AABL1550,,,11/12/24 0:00,,Gummy Schedule
SAL_229,Rack 10,B1,11/24/23 0:00,Terra E ,Terrestrial,Unknown,F1,hsyn-GCaMP6s,TS ECJ Imaging,Pleurodeles waltl,AABL1550,,,11/12/24 0:00,,Gummy Schedule
SAL_230,Rack 10,B1,11/24/23 0:00,Terra E ,Terrestrial,Unknown,F1,hsyn-GCaMP6s,TS ECJ Imaging,Pleurodeles waltl,AABL1550,,,11/12/24 0:00,,Gummy Schedule
SAL_231,Rack 10,B1,11/24/23 0:00,Terra E ,Terrestrial,Unknown,F1,hsyn-GCaMP6s,TS ECJ Imaging,Pleurodeles waltl,AABL1550,,,11/12/24 0:00,,Gummy Schedule
SAL_232,Rack 10,B2,11/24/23 0:00,Terra F,Terrestrial,Unknown,F1,hsyn-GCaMP6s,TS ECJ Imaging,Pleurodeles waltl,AABL1550,,,12/5/24 0:00,,Gummy Schedule
SAL_233,Rack 10,B2,11/24/23 0:00,Terra F,Terrestrial,Unknown,F1,hsyn-GCaMP6s,TS ECJ Imaging,Pleurodeles waltl,AABL1550,,,12/5/24 0:00,,Gummy Schedule
SAL_234,Rack 10,B2,11/24/23 0:00,Terra F,Terrestrial,Unknown,F1,hsyn-GCaMP6s,TS ECJ Imaging,Pleurodeles waltl,AABL1550,,,12/5/24 0:00,,Gummy Schedule
SAL_235,Rack 10,B3,12/9/23 0:00,Terra G,Terrestrial,Unknown,,WT,AMMM JW ,Pleurodeles waltl,AABL1550,,,7/30/24 0:00,,Gummy Schedule
SAL_236,Rack 10,B3,12/9/23 0:00,Terra G,Terrestrial,Unknown,,WT,AMMM JW ,Pleurodeles waltl,AABL1550,,,7/30/24 0:00,,Gummy Schedule
SAL_237,Rack 10,B3,12/9/23 0:00,Terra G,Terrestrial,Unknown,,WT,AMMM JW ,Pleurodeles waltl,AABL1550,,,7/30/24 0:00,,Gummy Schedule
SAL_238,Rack 10,B3,12/9/23 0:00,Terra G,Terrestrial,Unknown,,WT,AMMM JW ,Pleurodeles waltl,AABL1550,,,7/30/24 0:00,,Gummy Schedule
SAL_239,Rack 10,B3,12/9/23 0:00,Terra G,Terrestrial,Unknown,,WT,AMMM JW ,Pleurodeles waltl,AABL1550,,,7/30/24 0:00,,Gummy Schedule
SAL_240,Rack 10,B3,12/9/23 0:00,Terra G,Terrestrial,Unknown,,WT,AMMM JW ,Pleurodeles waltl,AABL1550,,,7/30/24 0:00,,Gummy Schedule
SAL_241,Rack 10,B4,12/9/23 0:00,Terra H,Terrestrial,Unknown,,WT,AMMM JW ,Pleurodeles waltl,AABL1550,,,7/30/24 0:00,,Gummy Schedule
SAL_242,Rack 10,B4,12/9/23 0:00,Terra H,Terrestrial,Unknown,,WT,AMMM JW ,Pleurodeles waltl,AABL1550,,,7/30/24 0:00,,Gummy Schedule
SAL_243,Rack 10,B4,12/9/23 0:00,Terra H,Terrestrial,Unknown,,WT,AMMM JW ,Pleurodeles waltl,AABL1550,,,7/30/24 0:00,,Gummy Schedule
SAL_244,Rack 10,B4,12/9/23 0:00,Terra H,Terrestrial,Unknown,,WT,AMMM JW ,Pleurodeles waltl,AABL1550,,,7/30/24 0:00,,Gummy Schedule
SAL_245,Rack 10,B4,12/9/23 0:00,Terra H,Terrestrial,Unknown,,WT,AMMM JW ,Pleurodeles waltl,AABL1550,,,7/30/24 0:00,,Gummy Schedule
SAL_246,Rack 10,C2,12/9/23 0:00,Terra K,Terrestrial,Unknown,,WT,AMMM JW ,Pleurodeles waltl,AABL1550,,,7/30/24 0:00,,Gummy Schedule
SAL_247,Rack 10,C2,12/9/23 0:00,Terra K,Terrestrial,Unknown,,WT,AMMM JW ,Pleurodeles waltl,AABL1550,,,7/30/24 0:00,,Gummy Schedule
SAL_248,Rack 10,C2,12/9/23 0:00,Terra K,Terrestrial,Unknown,,WT,AMMM JW ,Pleurodeles waltl,AABL1550,,,7/30/24 0:00,,Gummy Schedule
SAL_249,Rack 10,C2,12/9/23 0:00,Terra K,Terrestrial,Unknown,,WT,AMMM JW ,Pleurodeles waltl,AABL1550,,,7/30/24 0:00,,Gummy Schedule
SAL_250,Rack 10,C2,12/9/23 0:00,Terra K,Terrestrial,Unknown,,WT,AMMM JW ,Pleurodeles waltl,AABL1550,,,7/30/24 0:00,,Gummy Schedule
SAL_251,Rack 10,C3,12/9/23 0:00,Terra I,Terrestrial,Unknown,,WT,AMMM JW ,Pleurodeles waltl,AABL1550,,,7/30/24 0:00,,Gummy Schedule
SAL_252,Rack 10,C3,12/9/23 0:00,Terra I,Terrestrial,Unknown,,WT,AMMM JW ,Pleurodeles waltl,AABL1550,,,7/30/24 0:00,,Gummy Schedule
SAL_253,Rack 10,C3,12/9/23 0:00,Terra I,Terrestrial,Unknown,,WT,AMMM JW ,Pleurodeles waltl,AABL1550,,,7/30/24 0:00,,Gummy Schedule
SAL_254,Rack 10,C3,12/9/23 0:00,Terra I,Terrestrial,Unknown,,WT,AMMM JW ,Pleurodeles waltl,AABL1550,,,7/30/24 0:00,,Gummy Schedule
SAL_255,Rack 10,C3,12/9/23 0:00,Terra I,Terrestrial,Unknown,,WT,AMMM JW ,Pleurodeles waltl,AABL1550,,,7/30/24 0:00,,Gummy Schedule
SAL_256,Rack 10,C4,11/24/23 0:00,Terra J,Terrestrial,Unknown,F1,hsyn-GCaMP6s,ECJ TS Imaging,Pleurodeles waltl,AABL1550,,,,,Gummy Schedule
SAL_257,Rack 10,C4,11/24/23 0:00,Terra J,Terrestrial,Unknown,F1,hsyn-GCaMP6s,ECJ TS Imaging,Pleurodeles waltl,AABL1550,,,,,Gummy Schedule
SAL_258,Rack 10,C4,11/24/23 0:00,Terra J,Terrestrial,Unknown,F1,hsyn-GCaMP6s,ECJ TS Imaging,Pleurodeles waltl,AABL1550,,,,,Gummy Schedule
SAL_259,Rack 10,C4,11/24/23 0:00,Terra J,Terrestrial,Unknown,F1,hsyn-GCaMP6s,ECJ TS Imaging,Pleurodeles waltl,AABL1550,,,,,Gummy Schedule
SAL_260,Rack 10,C4,11/24/23 0:00,Terra J,Terrestrial,Unknown,F1,hsyn-GCaMP6s,ECJ TS Imaging,Pleurodeles waltl,AABL1550,,,,,Gummy Schedule
SAL_261,Rack 10,C4,11/24/23 0:00,Terra J,Terrestrial,Unknown,F1,hsyn-GCaMP6s,ECJ TS Imaging,Pleurodeles waltl,AABL1550,,,,,Gummy Schedule
SAL_262,Rack 4,B1,4/15/24 0:00,Trackerseq,Aquatic,Unknown,,WT,AD High Signal ,Pleurodeles waltl,AABF2564,AD Trackerseq high signal,,,,
SAL_263,Rack 4,B1,4/15/24 0:00,Trackerseq,Aquatic,Unknown,,WT,AD High Signal ,Pleurodeles waltl,AABF2564,AD Trackerseq high signal,,,,
SAL_264,Rack 4,B1,4/15/24 0:00,Trackerseq,Aquatic,Unknown,,WT,AD High Signal ,Pleurodeles waltl,AABF2564,AD Trackerseq high signal,,,,
SAL_265,Rack 4,B1,4/15/24 0:00,Trackerseq,Aquatic,Unknown,,WT,AD High Signal ,Pleurodeles waltl,AABF2564,AD Trackerseq high signal,,,,
SAL_266,Rack 4,B4,12/9/23 0:00,Viral,Aquatic,Unknown,,WT,,Pleurodeles waltl,AABL1550,LX PHPeB CAG G8s Viral,,,,
SAL_267,Rack 4,B4,12/9/23 0:00,Viral,Aquatic,Unknown,,WT,,Pleurodeles waltl,AABL1550,LX PHPeB CAG G8s Viral,,,,
SAL_268,Rack 4,B4,12/9/23 0:00,Viral,Aquatic,Unknown,,WT,,Pleurodeles waltl,AABL1550,LX PHPeB CAG G8s Viral,,,,
SAL_269,Rack 4,B4,12/9/23 0:00,Viral,Aquatic,Unknown,,WT,,Pleurodeles waltl,AABL1550,LX PHPeB CAG G8s Viral,,,,
SAL_270,Rack 4,B4,12/9/23 0:00,Viral,Aquatic,Unknown,,WT,,Pleurodeles waltl,AABL1550,LX PHPeB CAG G8s Viral,,,,
SAL_271,Rack 4,B4,12/9/23 0:00,Viral,Aquatic,Unknown,,WT,,Pleurodeles waltl,AABL1550,LX PHPeB CAG G8s Viral,,,,
SAL_272,Rack 4,B4,12/9/23 0:00,Viral,Aquatic,Unknown,,WT,,Pleurodeles waltl,AABL1550,LX PHPeB CAG G8s Viral,,,,
SAL_273,Rack 4,B5,12/10/23 0:00,Viral,Aquatic,Unknown,,WT,,Pleurodeles waltl,AABL1550,LX PHPeB CAG G8s Viral,,,,
SAL_274,Rack 4,B5,12/10/23 0:00,Viral,Aquatic,Unknown,,WT,,Pleurodeles waltl,AABL1550,LX PHPeB CAG G8s Viral,,,,
SAL_275,Rack 4,B5,12/10/23 0:00,Viral,Aquatic,Unknown,,WT,,Pleurodeles waltl,AABL1550,LX PHPeB CAG G8s Viral,,,,
SAL_276,Rack 4,B5,12/10/23 0:00,Viral,Aquatic,Unknown,,WT,,Pleurodeles waltl,AABL1550,LX PHPeB CAG G8s Viral,,,,
SAL_277,Rack 4,B5,12/10/23 0:00,Viral,Aquatic,Unknown,,WT,,Pleurodeles waltl,AABL1550,LX PHPeB CAG G8s Viral,,,,
SAL_278,Rack 4,B5,12/10/23 0:00,Viral,Aquatic,Unknown,,WT,,Pleurodeles waltl,AABL1550,LX PHPeB CAG G8s Viral,,,,
SAL_279,Rack 4,C2,12/9/23 0:00,,Aquatic,Unknown,,WT,Breeding,Pleurodeles waltl,AABF2564,,,,,
SAL_280,Rack 4,C2,12/9/23 0:00,,Aquatic,Unknown,,WT,Breeding,Pleurodeles waltl,AABF2564,,,,,
SAL_281,Rack 4,C2,12/9/23 0:00,,Aquatic,Unknown,,WT,Breeding,Pleurodeles waltl,AABF2564,,,,,
SAL_282,Rack 4,C2,12/9/23 0:00,,Aquatic,Unknown,,WT,Breeding,Pleurodeles waltl,AABF2564,,,,,
SAL_283,Rack 4,C2,12/9/23 0:00,,Aquatic,Unknown,,WT,Breeding,Pleurodeles waltl,AABF2564,,,,,
SAL_284,Rack 4,C2,12/9/23 0:00,,Aquatic,Unknown,,WT,Breeding,Pleurodeles waltl,AABF2564,,,,,
SAL_285,Rack 11,A2,11/24/23 0:00,Terra M,Terrestrial,Unknown,,WT,JW Histology,Pleurodeles waltl,AABL1550,,,4/3/25 0:00,,Gummy Schedule
SAL_286,Rack 11,A2,11/24/23 0:00,Terra M,Terrestrial,Unknown,,WT,JW Histology,Pleurodeles waltl,AABL1550,,,4/3/25 0:00,,Gummy Schedule
SAL_287,Rack 11,A2,11/24/23 0:00,Terra M,Terrestrial,Unknown,,WT,JW Histology,Pleurodeles waltl,AABL1550,,,4/3/25 0:00,,Gummy Schedule
SAL_288,Rack 11,A2,11/24/23 0:00,Terra M,Terrestrial,Unknown,,WT,JW Histology,Pleurodeles waltl,AABL1550,,,4/3/25 0:00,,Gummy Schedule
SAL_289,Rack 11,A2,11/24/23 0:00,Terra M,Terrestrial,Unknown,,WT,JW Histology,Pleurodeles waltl,AABL1550,,,4/3/25 0:00,,Gummy Schedule
SAL_290,Rack 11,A4,12/9/23 0:00,Terra O,Terrestrial,Unknown,F1,hsyn-GCaMP6s,ECJ TS Imaging,Pleurodeles waltl,AABL1550,,,7/15/24 0:00,,Gummy Schedule
SAL_291,Rack 11,A4,12/9/23 0:00,Terra O,Terrestrial,Unknown,F1,hsyn-GCaMP6s,ECJ TS Imaging,Pleurodeles waltl,AABL1550,,,7/15/24 0:00,,Gummy Schedule
SAL_292,Rack 11,A4,12/9/23 0:00,Terra O,Terrestrial,Unknown,F1,hsyn-GCaMP6s,ECJ TS Imaging,Pleurodeles waltl,AABL1550,,,7/15/24 0:00,,Gummy Schedule
SAL_293,Rack 11,B3,11/24/23 0:00,Terra R,Terrestrial,Unknown,,WT,ECJ TS TY Rotation,Pleurodeles waltl,AABL1550,ECJ 1 day behavior,,12/11/24 0:00,,Gummy Schedule
SAL_294,Rack 11,B3,11/24/23 0:00,Terra R,Terrestrial,Unknown,,WT,ECJ TS TY Rotation,Pleurodeles waltl,AABL1550,ECJ 1 day behavior,,12/11/24 0:00,,Gummy Schedule
SAL_295,Rack 11,B3,11/24/23 0:00,Terra R,Terrestrial,Unknown,,WT,ECJ TS TY Rotation,Pleurodeles waltl,AABL1550,ECJ 1 day behavior,,12/11/24 0:00,,Gummy Schedule
SAL_296,Rack 11,B3,11/24/23 0:00,Terra R,Terrestrial,Unknown,,WT,ECJ TS TY Rotation,Pleurodeles waltl,AABL1550,ECJ 1 day behavior,,12/11/24 0:00,,Gummy Schedule
SAL_297,Rack 11,B3,11/24/23 0:00,Terra R,Terrestrial,Unknown,,WT,ECJ TS TY Rotation,Pleurodeles waltl,AABL1550,ECJ 1 day behavior,,12/11/24 0:00,,Gummy Schedule
SAL_298,Rack 11,B3,11/24/23 0:00,Terra R,Terrestrial,Unknown,,WT,ECJ TS TY Rotation,Pleurodeles waltl,AABL1550,ECJ 1 day behavior,,12/11/24 0:00,,Gummy Schedule
SAL_299,Rack 11,C1,11/24/23 0:00,Terra T,Terrestrial,Unknown,,WT,ECJ TS TY Rotation,Pleurodeles waltl,AABL1550,ECJ 1 day behavior,,12/11/24 0:00,,Gummy Schedule
SAL_300,Rack 11,C1,11/24/23 0:00,Terra T,Terrestrial,Unknown,,WT,ECJ TS TY Rotation,Pleurodeles waltl,AABL1550,ECJ 1 day behavior,,12/11/24 0:00,,Gummy Schedule
SAL_301,Rack 11,C1,11/24/23 0:00,Terra T,Terrestrial,Unknown,,WT,ECJ TS TY Rotation,Pleurodeles waltl,AABL1550,ECJ 1 day behavior,,12/11/24 0:00,,Gummy Schedule
SAL_302,Rack 11,C1,11/24/23 0:00,Terra T,Terrestrial,Unknown,,WT,ECJ TS TY Rotation,Pleurodeles waltl,AABL1550,ECJ 1 day behavior,,12/11/24 0:00,,Gummy Schedule
SAL_303,Rack 12,C1,2/8/23 0:00,,Aquatic,Male,F1,hsyn-GCaMP6s,Breeding,Pleurodeles waltl,AABL1550,True F1,,,,
SAL_304,Rack 1,C3,3/12/25 0:00,,Aquatic,Unknown,,WT,GG,Polypterus senegalus,AABY5655,,,,,
SAL_305,Rack 1,C3,3/12/25 0:00,,Aquatic,Unknown,,WT,GG,Polypterus senegalus,AABY5655,,,,,
SAL_306,Rack 1,C3,3/12/25 0:00,,Aquatic,Unknown,,WT,GG,Polypterus senegalus,AABY5655,,,,,
SAL_307,Rack 12,D1,11/24/24 0:00,,Aquatic,Female,F1,hsyn-GCaMP6s,Breeding,Pleurodeles waltl,AABL1550,,,,,
SAL_308,Rack 12,D1,11/24/24 0:00,,Aquatic,Female,F1,hsyn-GCaMP6s,Breeding,Pleurodeles waltl,AABL1550,,,,,
SAL_309,Rack 12,D1,11/24/24 0:00,,Aquatic,Female,F1,hsyn-GCaMP6s,Breeding,Pleurodeles waltl,AABL1550,,,,,
SAL_310,Rack 12,D1,11/24/24 0:00,,Aquatic,Male,F1,hsyn-GCaMP6s,Breeding,Pleurodeles waltl,AABL1550,,,,,
SAL_311,Rack 12,D1,11/24/24 0:00,,Aquatic,Male,F1,hsyn-GCaMP6s,Breeding,Pleurodeles waltl,AABL1550,,,,,
SAL_312,Rack 12,D1,11/24/24 0:00,,Aquatic,Male,F1,hsyn-GCaMP6s,Breeding,Pleurodeles waltl,AABL1550,,,,,
SAL_313,Rack 6,A1,11/24/24 0:00,,Aquatic,Unknown,F1,hsyn-GCaMP6s,LX St Jude,Pleurodeles waltl,AABL1550,,,,,
SAL_314,Rack 6,A1,11/24/24 0:00,,Aquatic,Unknown,F1,hsyn-GCaMP6s,LX St Jude,Pleurodeles waltl,AABL1550,,,,,
SAL_315,Rack 6,A1,11/24/24 0:00,,Aquatic,Unknown,F1,hsyn-GCaMP6s,LX St Jude,Pleurodeles waltl,AABL1550,,,,,
SAL_316,Rack 6,A1,11/24/24 0:00,,Aquatic,Unknown,F1,hsyn-GCaMP6s,LX St Jude,Pleurodeles waltl,AABL1550,,,,,
SAL_317,Rack 6,A1,11/24/24 0:00,,Aquatic,Unknown,F1,hsyn-GCaMP6s,LX St Jude,Pleurodeles waltl,AABL1550,,,,,
SAL_318,Rack 6,A1,11/24/24 0:00,,Aquatic,Unknown,F1,hsyn-GCaMP6s,LX St Jude,Pleurodeles waltl,AABL1550,,,,,
SAL_319,Rack 6,A1,11/24/24 0:00,,Aquatic,Unknown,F1,hsyn-GCaMP6s,LX St Jude,Pleurodeles waltl,AABL1550,,,,,
SAL_320,Rack 6,A1,11/24/24 0:00,,Aquatic,Unknown,F1,hsyn-GCaMP6s,LX St Jude,Pleurodeles waltl,AABL1550,,,,,
SAL_321,Rack 6,A2,11/24/24 0:00,,Aquatic,Unknown,F1,hsyn-GCaMP6s,LX St Jude,Pleurodeles waltl,AABL1550,,,,,
SAL_322,Rack 6,A2,11/24/24 0:00,,Aquatic,Unknown,F1,hsyn-GCaMP6s,LX St Jude,Pleurodeles waltl,AABL1550,,,,,
SAL_323,Rack 6,A2,11/24/24 0:00,,Aquatic,Unknown,F1,hsyn-GCaMP6s,LX St Jude,Pleurodeles waltl,AABL1550,,,,,
SAL_324,Rack 6,A2,11/24/24 0:00,,Aquatic,Unknown,F1,hsyn-GCaMP6s,LX St Jude,Pleurodeles waltl,AABL1550,,,,,
SAL_325,Rack 6,A2,11/24/24 0:00,,Aquatic,Unknown,F1,hsyn-GCaMP6s,LX St Jude,Pleurodeles waltl,AABL1550,,,,,
SAL_326,Rack 6,A2,11/24/24 0:00,,Aquatic,Unknown,F1,hsyn-GCaMP6s,LX St Jude,Pleurodeles waltl,AABL1550,,,,,
SAL_327,Rack 6,A2,11/24/24 0:00,,Aquatic,Unknown,F1,hsyn-GCaMP6s,LX St Jude,Pleurodeles waltl,AABL1550,,,,,
SAL_328,Rack 6,A2,11/24/24 0:00,,Aquatic,Unknown,F1,hsyn-GCaMP6s,LX St Jude,Pleurodeles waltl,AABL1550,,,,,
SAL_329,Rack 6,A4,11/24/24 0:00,,Aquatic,Unknown,F1,hsyn-GCaMP6s,LX St Jude,Pleurodeles waltl,AABL1550,,,,,
SAL_330,Rack 6,A4,11/24/24 0:00,,Aquatic,Unknown,F1,hsyn-GCaMP6s,LX St Jude,Pleurodeles waltl,AABL1550,,,,,
SAL_331,Rack 6,A4,11/24/24 0:00,,Aquatic,Unknown,F1,hsyn-GCaMP6s,LX St Jude,Pleurodeles waltl,AABL1550,,,,,
SAL_332,Rack 6,A4,11/24/24 0:00,,Aquatic,Unknown,F1,hsyn-GCaMP6s,LX St Jude,Pleurodeles waltl,AABL1550,,,,,
SAL_333,Rack 6,A4,11/24/24 0:00,,Aquatic,Unknown,F1,hsyn-GCaMP6s,LX St Jude,Pleurodeles waltl,AABL1550,,,,,
SAL_334,Rack 6,A4,11/24/24 0:00,,Aquatic,Unknown,F1,hsyn-GCaMP6s,LX St Jude,Pleurodeles waltl,AABL1550,,,,,
SAL_335,Rack 6,A4,11/24/24 0:00,,Aquatic,Unknown,F1,hsyn-GCaMP6s,LX St Jude,Pleurodeles waltl,AABL1550,,,,,
SAL_336,Rack 6,A4,11/24/24 0:00,,Aquatic,Unknown,F1,hsyn-GCaMP6s,LX St Jude,Pleurodeles waltl,AABL1550,,,,,
SAL_337,Rack 6,A5,11/24/24 0:00,,Aquatic,Unknown,F1,hsyn-GCaMP6s,LX St Jude,Pleurodeles waltl,AABL1550,,,,,
SAL_338,Rack 6,A5,11/24/24 0:00,,Aquatic,Unknown,F1,hsyn-GCaMP6s,LX St Jude,Pleurodeles waltl,AABL1550,,,,,
SAL_339,Rack 6,A5,11/24/24 0:00,,Aquatic,Unknown,F1,hsyn-GCaMP6s,LX St Jude,Pleurodeles waltl,AABL1550,,,,,
SAL_340,Rack 6,A5,11/24/24 0:00,,Aquatic,Unknown,F1,hsyn-GCaMP6s,LX St Jude,Pleurodeles waltl,AABL1550,,,,,
SAL_341,Rack 6,A5,11/24/24 0:00,,Aquatic,Unknown,F1,hsyn-GCaMP6s,LX St Jude,Pleurodeles waltl,AABL1550,,,,,
SAL_342,Rack 6,A5,11/24/24 0:00,,Aquatic,Unknown,F1,hsyn-GCaMP6s,LX St Jude,Pleurodeles waltl,AABL1550,,,,,
SAL_343,Rack 6,A5,11/24/24 0:00,,Aquatic,Unknown,F1,hsyn-GCaMP6s,LX St Jude,Pleurodeles waltl,AABL1550,,,,,
SAL_344,Rack 6,A5,11/24/24 0:00,,Aquatic,Unknown,F1,hsyn-GCaMP6s,LX St Jude,Pleurodeles waltl,AABL1550,,,,,
SAL_345,Rack 6,B1,,,Aquatic,Unknown,,WT,DNE Fake Placeholder,Pleurodeles waltl,AABL1550,,,,,
SAL_346,Rack 6,B1,,,Aquatic,Unknown,,WT,DNE Fake Placeholder,Pleurodeles waltl,AABL1550,,,,,
SAL_347,Rack 6,B1,,,Aquatic,Unknown,,WT,DNE Fake Placeholder,Pleurodeles waltl,AABL1550,,,,,
SAL_348,Rack 6,B1,,,Aquatic,Unknown,,WT,DNE Fake Placeholder,Pleurodeles waltl,AABL1550,,,,,
SAL_349,Rack 6,B1,,,Aquatic,Unknown,,WT,DNE Fake Placeholder,Pleurodeles waltl,AABL1550,,,,,
SAL_350,Rack 6,B1,,,Aquatic,Unknown,,WT,DNE Fake Placeholder,Pleurodeles waltl,AABL1550,,,,,
SAL_351,Rack 6,B1,,,Aquatic,Unknown,,WT,DNE Fake Placeholder,Pleurodeles waltl,AABL1550,,,,,
SAL_352,Rack 6,B1,,,Aquatic,Unknown,,WT,DNE Fake Placeholder,Pleurodeles waltl,AABL1550,,,,,
SAL_353,Rack 6,B1,,,Aquatic,Unknown,,WT,DNE Fake Placeholder,Pleurodeles waltl,AABL1550,,,,,
SAL_354,Rack 6,B1,,,Aquatic,Unknown,,WT,DNE Fake Placeholder,Pleurodeles waltl,AABL1550,,,,,
SAL_355,Rack 6,B2,11/24/23 0:00,,Aquatic,Unknown,F1,hsyn-GCaMP6s,,Pleurodeles waltl,AABL1550,,,,,
SAL_356,Rack 6,B2,11/24/23 0:00,,Aquatic,Unknown,F1,hsyn-GCaMP6s,,Pleurodeles waltl,AABL1550,,,,,
SAL_357,Rack 6,B2,11/24/23 0:00,,Aquatic,Unknown,F1,hsyn-GCaMP6s,,Pleurodeles waltl,AABL1550,,,,,
SAL_358,Rack 6,B2,11/24/23 0:00,,Aquatic,Unknown,F1,hsyn-GCaMP6s,,Pleurodeles waltl,AABL1550,,,,,
SAL_359,Rack 6,B2,11/24/23 0:00,,Aquatic,Unknown,F1,hsyn-GCaMP6s,,Pleurodeles waltl,AABL1550,,,,,
SAL_360,Rack 6,B2,11/24/23 0:00,,Aquatic,Unknown,F1,hsyn-GCaMP6s,,Pleurodeles waltl,AABL1550,,,,,
SAL_361,Rack 6,B2,11/24/23 0:00,,Aquatic,Unknown,F1,hsyn-GCaMP6s,,Pleurodeles waltl,AABL1550,,,,,
SAL_362,Rack 6,B2,11/24/23 0:00,,Aquatic,Unknown,F1,hsyn-GCaMP6s,,Pleurodeles waltl,AABL1550,,,,,
SAL_363,Rack 6,B3,11/24/23 0:00,,Aquatic,Unknown,F1,hsyn-GCaMP6s,,Pleurodeles waltl,AABL1550,,,,,
SAL_364,Rack 6,B3,11/24/23 0:00,,Aquatic,Unknown,F1,hsyn-GCaMP6s,,Pleurodeles waltl,AABL1550,,,,,
SAL_365,Rack 6,B3,11/24/23 0:00,,Aquatic,Unknown,F1,hsyn-GCaMP6s,,Pleurodeles waltl,AABL1550,,,,,
SAL_366,Rack 6,B3,11/24/23 0:00,,Aquatic,Unknown,F1,hsyn-GCaMP6s,,Pleurodeles waltl,AABL1550,,,,,
SAL_367,Rack 6,B3,11/24/23 0:00,,Aquatic,Unknown,F1,hsyn-GCaMP6s,,Pleurodeles waltl,AABL1550,,,,,
SAL_368,Rack 6,B3,11/24/23 0:00,,Aquatic,Unknown,F1,hsyn-GCaMP6s,,Pleurodeles waltl,AABL1550,,,,,
SAL_369,Rack 6,B3,11/24/23 0:00,,Aquatic,Unknown,F1,hsyn-GCaMP6s,,Pleurodeles waltl,AABL1550,,,,,
SAL_370,Rack 6,B3,11/24/23 0:00,,Aquatic,Unknown,F1,hsyn-GCaMP6s,,Pleurodeles waltl,AABL1550,,,,,
SAL_371,Rack 6,B4,11/24/23 0:00,,Aquatic,Unknown,F1,hsyn-GCaMP6s,,Pleurodeles waltl,AABL1550,,,,,
SAL_372,Rack 6,B4,11/24/23 0:00,,Aquatic,Unknown,F1,hsyn-GCaMP6s,,Pleurodeles waltl,AABL1550,,,,,
SAL_373,Rack 6,B4,11/24/23 0:00,,Aquatic,Unknown,F1,hsyn-GCaMP6s,,Pleurodeles waltl,AABL1550,,,,,
SAL_374,Rack 6,B4,11/24/23 0:00,,Aquatic,Unknown,F1,hsyn-GCaMP6s,,Pleurodeles waltl,AABL1550,,,,,
SAL_375,Rack 6,B4,11/24/23 0:00,,Aquatic,Unknown,F1,hsyn-GCaMP6s,,Pleurodeles waltl,AABL1550,,,,,
SAL_376,Rack 6,B4,11/24/23 0:00,,Aquatic,Unknown,F1,hsyn-GCaMP6s,,Pleurodeles waltl,AABL1550,,,,,
SAL_377,Rack 6,B5,11/24/23 0:00,,Aquatic,Unknown,,WT,Breeding,Pleurodeles waltl,AABF2564,,,,,
SAL_378,Rack 6,B5,11/24/23 0:00,,Aquatic,Unknown,,WT,Breeding,Pleurodeles waltl,AABF2564,,,,,
SAL_379,Rack 6,B5,11/24/23 0:00,,Aquatic,Unknown,,WT,Breeding,Pleurodeles waltl,AABF2564,,,,,
SAL_380,Rack 6,B5,11/24/23 0:00,,Aquatic,Unknown,,WT,Breeding,Pleurodeles waltl,AABF2564,,,,,
SAL_381,Rack 6,C1,11/24/23 0:00,,Aquatic,Unknown,F1,hsyn-GCaMP6s,,Pleurodeles waltl,AABL1550,,,,,
SAL_382,Rack 6,C1,11/24/23 0:00,,Aquatic,Unknown,F1,hsyn-GCaMP6s,,Pleurodeles waltl,AABL1550,,,,,
SAL_383,Rack 6,C1,11/24/23 0:00,,Aquatic,Unknown,F1,hsyn-GCaMP6s,,Pleurodeles waltl,AABL1550,,,,,
SAL_384,Rack 6,C1,11/24/23 0:00,,Aquatic,Unknown,F1,hsyn-GCaMP6s,,Pleurodeles waltl,AABL1550,,,,,
SAL_385,Rack 6,C1,11/24/23 0:00,,Aquatic,Unknown,F1,hsyn-GCaMP6s,,Pleurodeles waltl,AABL1550,,,,,
SAL_386,Rack 6,C1,11/24/23 0:00,,Aquatic,Unknown,F1,hsyn-GCaMP6s,,Pleurodeles waltl,AABL1550,,,,,
SAL_387,Rack 6,C1,11/24/23 0:00,,Aquatic,Unknown,F1,hsyn-GCaMP6s,,Pleurodeles waltl,AABL1550,,,,,
SAL_388,Rack 6,C1,11/24/23 0:00,,Aquatic,Unknown,F1,hsyn-GCaMP6s,,Pleurodeles waltl,AABL1550,,,,,
SAL_389,Rack 6,C2,11/24/23 0:00,,Aquatic,Unknown,F1,hsyn-GCaMP6s,,Pleurodeles waltl,AABL1550,,,,,
SAL_390,Rack 6,C2,11/24/23 0:00,,Aquatic,Unknown,F1,hsyn-GCaMP6s,,Pleurodeles waltl,AABL1550,,,,,
SAL_391,Rack 6,C2,11/24/23 0:00,,Aquatic,Unknown,F1,hsyn-GCaMP6s,,Pleurodeles waltl,AABL1550,,,,,
SAL_392,Rack 6,C2,11/24/23 0:00,,Aquatic,Unknown,F1,hsyn-GCaMP6s,,Pleurodeles waltl,AABL1550,,,,,
SAL_393,Rack 6,C2,11/24/23 0:00,,Aquatic,Unknown,F1,hsyn-GCaMP6s,,Pleurodeles waltl,AABL1550,,,,,
SAL_394,Rack 6,C2,11/24/23 0:00,,Aquatic,Unknown,F1,hsyn-GCaMP6s,,Pleurodeles waltl,AABL1550,,,,,
SAL_395,Rack 6,C2,11/24/23 0:00,,Aquatic,Unknown,F1,hsyn-GCaMP6s,,Pleurodeles waltl,AABL1550,,,,,
SAL_396,Rack 6,C2,11/24/23 0:00,,Aquatic,Unknown,F1,hsyn-GCaMP6s,,Pleurodeles waltl,AABL1550,,,,,
SAL_397,Rack 6,C3,11/24/23 0:00,,Aquatic,Unknown,,WT,AOG,Pleurodeles waltl,AABI2617,,,,,
SAL_398,Rack 6,C3,11/24/23 0:00,,Aquatic,Unknown,,WT,AOG,Pleurodeles waltl,AABI2617,,,,,
SAL_399,Rack 6,C3,11/24/23 0:00,,Aquatic,Unknown,,WT,AOG,Pleurodeles waltl,AABI2617,,,,,
SAL_400,Rack 6,C3,11/24/23 0:00,,Aquatic,Unknown,,WT,AOG,Pleurodeles waltl,AABI2617,,,,,
SAL_401,Rack 6,C3,11/24/23 0:00,,Aquatic,Unknown,,WT,AOG,Pleurodeles waltl,AABI2617,,,,,
SAL_402,Rack 6,C3,11/24/23 0:00,,Aquatic,Unknown,,WT,AOG,Pleurodeles waltl,AABI2617,,,,,
SAL_403,Rack 6,C3,11/24/23 0:00,,Aquatic,Unknown,,WT,AOG,Pleurodeles waltl,AABI2617,,,,,
SAL_404,Rack 6,C3,11/24/23 0:00,,Aquatic,Unknown,,WT,AOG,Pleurodeles waltl,AABI2617,,,,,
SAL_405,Rack 6,C4,4/15/24 0:00,,Aquatic,Unknown,,WT,AD,Pleurodeles waltl,AABF2564,Ad pbase ,,,,
SAL_406,Rack 6,D1,11/24/23 0:00,,Aquatic,Unknown,F1,hsyn-GCaMP6s,,Pleurodeles waltl,AABL1550,,,,,
SAL_407,Rack 6,D1,11/24/23 0:00,,Aquatic,Unknown,F1,hsyn-GCaMP6s,,Pleurodeles waltl,AABL1550,,,,,
SAL_408,Rack 6,D1,11/24/23 0:00,,Aquatic,Unknown,F1,hsyn-GCaMP6s,,Pleurodeles waltl,AABL1550,,,,,
SAL_409,Rack 6,D1,11/24/23 0:00,,Aquatic,Unknown,F1,hsyn-GCaMP6s,,Pleurodeles waltl,AABL1550,,,,,
SAL_410,Rack 6,D1,11/24/23 0:00,,Aquatic,Unknown,F1,hsyn-GCaMP6s,,Pleurodeles waltl,AABL1550,,,,,
SAL_411,Rack 6,D1,11/24/23 0:00,,Aquatic,Unknown,F1,hsyn-GCaMP6s,,Pleurodeles waltl,AABL1550,,,,,
SAL_412,Rack 6,D1,11/24/23 0:00,,Aquatic,Unknown,F1,hsyn-GCaMP6s,,Pleurodeles waltl,AABL1550,,,,,
SAL_413,Rack 6,D1,11/24/23 0:00,,Aquatic,Unknown,F1,hsyn-GCaMP6s,,Pleurodeles waltl,AABL1550,,,,,
SAL_414,Rack 6,D2,11/24/23 0:00,,Aquatic,Unknown,F1,hsyn-GCaMP6s,,Pleurodeles waltl,AABL1550,,,,,
SAL_415,Rack 6,D2,11/24/23 0:00,,Aquatic,Unknown,F1,hsyn-GCaMP6s,,Pleurodeles waltl,AABL1550,,,,,
SAL_416,Rack 6,D2,11/24/23 0:00,,Aquatic,Unknown,F1,hsyn-GCaMP6s,,Pleurodeles waltl,AABL1550,,,,,
SAL_417,Rack 6,D2,11/24/23 0:00,,Aquatic,Unknown,F1,hsyn-GCaMP6s,,Pleurodeles waltl,AABL1550,,,,,
SAL_418,Rack 6,D2,11/24/23 0:00,,Aquatic,Unknown,F1,hsyn-GCaMP6s,,Pleurodeles waltl,AABL1550,,,,,
SAL_419,Rack 6,D2,11/24/23 0:00,,Aquatic,Unknown,F1,hsyn-GCaMP6s,,Pleurodeles waltl,AABL1550,,,,,
SAL_420,Rack 6,D2,11/24/23 0:00,,Aquatic,Unknown,F1,hsyn-GCaMP6s,,Pleurodeles waltl,AABL1550,,,,,
SAL_421,Rack 6,D2,11/24/23 0:00,,Aquatic,Unknown,F1,hsyn-GCaMP6s,,Pleurodeles waltl,AABL1550,,,,,
SAL_422,Rack 6,B1,12/9/23 0:00,Fake,Aquatic,Unknown,,WT,DNE Fake Placeholder,Pleurodeles waltl,AABL1550,,,,,
SAL_423,Rack 6,D3,12/9/23 0:00,Viral,Aquatic,Unknown,,WT,LX,Pleurodeles waltl,AABL1550,LX PHPeB CAG G8s Viral,,,,
SAL_424,Rack 6,D3,12/9/23 0:00,Viral,Aquatic,Unknown,,WT,LX,Pleurodeles waltl,AABL1550,LX PHPeB CAG G8s Viral,,,,
SAL_425,Rack 6,D3,12/9/23 0:00,Viral,Aquatic,Unknown,,WT,LX,Pleurodeles waltl,AABL1550,LX PHPeB CAG G8s Viral,,,,
SAL_426,Rack 6,D3,12/9/23 0:00,Viral,Aquatic,Unknown,,WT,LX,Pleurodeles waltl,AABL1550,LX PHPeB CAG G8s Viral,,,,
SAL_427,Rack 6,D3,12/9/23 0:00,Viral,Aquatic,Unknown,,WT,LX,Pleurodeles waltl,AABL1550,LX PHPeB CAG G8s Viral,,,,
SAL_428,Rack 6,D3,12/9/23 0:00,Viral,Aquatic,Unknown,,WT,LX,Pleurodeles waltl,AABL1550,LX PHPeB CAG G8s Viral,,,,
SAL_429,Rack 6,D3,12/9/23 0:00,Viral,Aquatic,Unknown,,WT,LX,Pleurodeles waltl,AABL1550,LX PHPeB CAG G8s Viral,,,,
SAL_430,Rack 6,D4,11/24/23 0:00,Viral,Aquatic,Unknown,,WT,LX,Pleurodeles waltl,AABL1550,LX PHPeB CAG G8s Viral,,,,
SAL_431,Rack 6,D4,11/24/23 0:00,Viral,Aquatic,Unknown,,WT,LX,Pleurodeles waltl,AABL1550,LX PHPeB CAG G8s Viral,,,,
SAL_432,Rack 6,D4,11/24/23 0:00,Viral,Aquatic,Unknown,,WT,LX,Pleurodeles waltl,AABL1550,LX PHPeB CAG G8s Viral,,,,
SAL_433,Rack 6,D4,11/24/23 0:00,Viral,Aquatic,Unknown,,WT,LX,Pleurodeles waltl,AABL1550,LX PHPeB CAG G8s Viral,,,,
SAL_434,Rack 6,D4,11/24/23 0:00,Viral,Aquatic,Unknown,,WT,LX,Pleurodeles waltl,AABL1550,LX PHPeB CAG G8s Viral,,,,
SAL_435,Rack 6,D4,11/24/23 0:00,Viral,Aquatic,Unknown,,WT,LX,Pleurodeles waltl,AABL1550,LX PHPeB CAG G8s Viral,,,,
SAL_436,Rack 6,D5,11/24/23 0:00,Viral,Aquatic,Unknown,,WT,LX,Pleurodeles waltl,AABL1550,LX PHPeB CAG G8s Viral,,,,
SAL_437,Rack 6,D5,11/24/23 0:00,Viral,Aquatic,Unknown,,WT,LX,Pleurodeles waltl,AABL1550,LX PHPeB CAG G8s Viral,,,,
SAL_438,Rack 6,D5,11/24/23 0:00,Viral,Aquatic,Unknown,,WT,LX,Pleurodeles waltl,AABL1550,LX PHPeB CAG G8s Viral,,,,
SAL_439,Rack 8,A1,12/18/23 0:00,,Aquatic,Unknown,,WT,AOG,Pleurodeles waltl,AABI2617,AOG ,,,,
SAL_440,Rack 8,A1,12/18/23 0:00,,Aquatic,Unknown,,WT,AOG,Pleurodeles waltl,AABI2617,AOG ,,,,
SAL_441,Rack 8,A1,12/18/23 0:00,,Aquatic,Unknown,,WT,AOG,Pleurodeles waltl,AABI2617,AOG ,,,,
SAL_442,Rack 8,A1,12/18/23 0:00,,Aquatic,Unknown,,WT,AOG,Pleurodeles waltl,AABI2617,AOG ,,,,
SAL_443,Rack 8,A5,12/9/23 0:00,,Aquatic,Unknown,,WT,AOG,Pleurodeles waltl,AABI2617,AOG ,,,,
SAL_444,Rack 8,B1,12/9/23 0:00,,Aquatic,Unknown,,WT,JW AMMM histology,Pleurodeles waltl,AABL1550,,,,,
SAL_445,Rack 8,B1,12/9/23 0:00,,Aquatic,Unknown,,WT,JW AMMM histology,Pleurodeles waltl,AABL1550,,,,,
SAL_446,Rack 8,B1,12/9/23 0:00,,Aquatic,Unknown,,WT,JW AMMM histology,Pleurodeles waltl,AABL1550,,,,,
SAL_447,Rack 8,B1,12/9/23 0:00,,Aquatic,Unknown,,WT,JW AMMM histology,Pleurodeles waltl,AABL1550,,,,,
SAL_448,Rack 8,B1,12/9/23 0:00,,Aquatic,Unknown,,WT,JW AMMM histology,Pleurodeles waltl,AABL1550,,,,,
SAL_449,Rack 8,B2,11/24/23 0:00,,Aquatic,Unknown,,WT,JW AMMM histology,Pleurodeles waltl,AABL1550,,,,,
SAL_450,Rack 8,B2,11/24/23 0:00,,Aquatic,Unknown,,WT,JW AMMM histology,Pleurodeles waltl,AABL1550,,,,,
SAL_451,Rack 8,B2,11/24/23 0:00,,Aquatic,Unknown,,WT,JW AMMM histology,Pleurodeles waltl,AABL1550,,,,,
SAL_452,Rack 8,B2,11/24/23 0:00,,Aquatic,Unknown,,WT,JW AMMM histology,Pleurodeles waltl,AABL1550,,,,,
SAL_453,Rack 8,B2,11/24/23 0:00,,Aquatic,Unknown,,WT,JW AMMM histology,Pleurodeles waltl,AABL1550,,,,,
SAL_454,Rack 8,D3,11/24/23 0:00,,Aquatic,Unknown,,WT,JW AMMM histology,Pleurodeles waltl,AABL1550,,,,,Gummy Schedule
SAL_455,Rack 8,D3,11/24/23 0:00,,Aquatic,Unknown,,WT,JW AMMM histology,Pleurodeles waltl,AABL1550,,,,,Gummy Schedule
SAL_456,Rack 8,D3,11/24/23 0:00,,Aquatic,Unknown,,WT,JW AMMM histology,Pleurodeles waltl,AABL1550,,,,,Gummy Schedule
SAL_457,Rack 8,D3,11/24/23 0:00,,Aquatic,Unknown,,WT,JW AMMM histology,Pleurodeles waltl,AABL1550,,,,,Gummy Schedule
SAL_458,Rack 8,D3,11/24/23 0:00,,Aquatic,Unknown,,WT,JW AMMM histology,Pleurodeles waltl,AABL1550,,,,,Gummy Schedule
SAL_459,Rack 2,B4,11/24/23 0:00,Fake,Aquatic,Unknown,,WT,DNE fake placeholder,Pleurodeles waltl,AABL1550,,,,,Gummy Schedule
SAL_460,Rack 9,C1,4/15/24 0:00,,Aquatic,Unknown,,WT,AOG ,Pleurodeles waltl,AABI2617,Regen,,,,
SAL_461,Rack 11,C3,5/17/24 0:00,Terra V,Terrestrial,Unknown,,WT,AMMM TGZ Edu,Pleurodeles waltl,AABL1550,Edu,,5/4/25,,Gummy Schedule
SAL_462,Rack 11,C3,5/17/24 0:00,Terra V,Terrestrial,Unknown,,WT,AMMM TGZ Edu,Pleurodeles waltl,AABL1550,Edu,,5/4/25,,Gummy Schedule
SAL_463,Rack 11,C3,5/17/24 0:00,Terra V,Terrestrial,Unknown,,WT,AMMM TGZ Edu,Pleurodeles waltl,AABL1550,Edu,,5/4/25,,Gummy Schedule
SAL_464,Rack 8,C1,5/17/24 0:00,EdU,Aquatic,Unknown,,WT,AMMM TGZ Edu,Pleurodeles waltl,AABL1550,Edu,,,,
SAL_465,Rack 8,C1,5/17/24 0:00,EdU,Aquatic,Unknown,,WT,AMMM TGZ Edu,Pleurodeles waltl,AABL1550,Edu,,,,
SAL_466,Rack 8,C1,5/17/24 0:00,EdU,Aquatic,Unknown,,WT,AMMM TGZ Edu,Pleurodeles waltl,AABL1550,Edu,,,,
SAL_467,Rack 4,B3,5/17/24 0:00,,Aquatic,Unknown,,WT,,Pleurodeles waltl,AABF2564,,,,,
SAL_468,Rack 4,B3,5/17/24 0:00,,Aquatic,Unknown,,WT,,Pleurodeles waltl,AABF2564,,,,,
SAL_469,Rack 4,B3,5/17/24 0:00,,Aquatic,Unknown,,WT,,Pleurodeles waltl,AABF2564,,,,,
SAL_470,Rack 4,B3,5/17/24 0:00,,Aquatic,Unknown,,WT,,Pleurodeles waltl,AABF2564,,,,,
SAL_471,Rack 4,B3,5/17/24 0:00,,Aquatic,Unknown,,WT,,Pleurodeles waltl,AABF2564,,,,,
SAL_472,Rack 4,C1,5/17/24 0:00,,Aquatic,Unknown,,WT,,Pleurodeles waltl,AABF2564,,,,,
SAL_473,Rack 4,C1,5/17/24 0:00,,Aquatic,Unknown,,WT,,Pleurodeles waltl,AABF2564,,,,,
SAL_474,Rack 4,C1,5/17/24 0:00,,Aquatic,Unknown,,WT,,Pleurodeles waltl,AABF2564,,,,,
SAL_475,Rack 4,C1,5/17/24 0:00,,Aquatic,Unknown,,WT,,Pleurodeles waltl,AABF2564,,,,,
SAL_476,Rack 4,C1,5/17/24 0:00,,Aquatic,Unknown,,WT,,Pleurodeles waltl,AABF2564,,,,,
SAL_477,Rack 4,C1,5/17/24 0:00,,Aquatic,Unknown,,WT,,Pleurodeles waltl,AABF2564,,,,,
SAL_478,Rack 4,C1,5/17/24 0:00,,Aquatic,Unknown,,WT,,Pleurodeles waltl,AABF2564,,,,,
SAL_479,Rack 4,D1,5/17/24 0:00,,Aquatic,Unknown,,WT,AOG Adult neuro,Pleurodeles waltl,AABI2617,,,,,
SAL_480,Rack 4,D1,5/17/24 0:00,,Aquatic,Unknown,,WT,AOG Adult neuro,Pleurodeles waltl,AABI2617,,,,,
SAL_481,Rack 4,D1,5/17/24 0:00,,Aquatic,Unknown,,WT,AOG Adult neuro,Pleurodeles waltl,AABI2617,,,,,
SAL_482,Rack 4,D1,5/17/24 0:00,,Aquatic,Unknown,,WT,AOG Adult neuro,Pleurodeles waltl,AABI2617,,,,,
SAL_483,Rack 4,D1,5/17/24 0:00,,Aquatic,Unknown,,WT,AOG Adult neuro,Pleurodeles waltl,AABI2617,,,,,
SAL_484,Rack 4,D1,5/17/24 0:00,,Aquatic,Unknown,,WT,AOG Adult neuro,Pleurodeles waltl,AABI2617,,,,,
SAL_485,Rack 8,B3,5/17/24 0:00,,Aquatic,Unknown,,WT,AMMM TGZ,Pleurodeles waltl,AABL1550,,,,,
SAL_486,Rack 11,C4,5/17/24 0:00,Terra W,Terrestrial,Unknown,,WT,AMMM TGZ,Pleurodeles waltl,AABL1550,,,5/5/25,,Gummy Schedule
SAL_487,Rack 11,C4,5/17/24 0:00,Terra W,Terrestrial,Unknown,,WT,AMMM TGZ,Pleurodeles waltl,AABL1550,,,5/5/25,,Gummy Schedule
SAL_488,Rack 11,C4,5/17/24 0:00,Terra W,Terrestrial,Unknown,,WT,AMMM TGZ,Pleurodeles waltl,AABL1550,,,5/5/25,,Gummy Schedule
SAL_489,Rack 8,B3,5/17/24 0:00,,Aquatic,Unknown,,WT,AMMM TGZ,Pleurodeles waltl,AABL1550,,,,,
SAL_490,Rack 8,B3,5/17/24 0:00,,Aquatic,Unknown,,WT,AMMM TGZ,Pleurodeles waltl,AABL1550,,,,,
SAL_491,Rack 2,B4,5/17/24 0:00,Fake,Aquatic,Unknown,,WT,DNE Fake Placeholder,Pleurodeles waltl,AABL1550,,,,,
SAL_492,Rack 5,A4,5/17/24 0:00,,Aquatic,Unknown,,WT,,Pleurodeles waltl,AABF2564,,,,,
SAL_493,Rack 5,A4,5/17/24 0:00,,Aquatic,Unknown,,WT,,Pleurodeles waltl,AABF2564,,,,,
SAL_494,Rack 5,A4,5/17/24 0:00,,Aquatic,Unknown,,WT,,Pleurodeles waltl,AABF2564,,,,,
SAL_495,Rack 5,A4,5/17/24 0:00,,Aquatic,Unknown,,WT,,Pleurodeles waltl,AABF2564,,,,,
SAL_496,Rack 5,A4,5/17/24 0:00,,Aquatic,Unknown,,WT,,Pleurodeles waltl,AABF2564,,,,,
SAL_497,Rack 5,A4,5/17/24 0:00,,Aquatic,Unknown,,WT,,Pleurodeles waltl,AABF2564,,,,,
SAL_498,Rack 5,A4,5/17/24 0:00,,Aquatic,Unknown,,WT,,Pleurodeles waltl,AABF2564,,,,,
SAL_499,Rack 9,C3,5/17/24 0:00,,Aquatic,Unknown,,WT,Priority to use ,Pleurodeles waltl,AABF2564,Slow growers,,,,
SAL_500,Rack 9,C3,5/17/24 0:00,,Aquatic,Unknown,,WT,Priority to use ,Pleurodeles waltl,AABF2564,Slow growers,,,,
SAL_501,Rack 9,C3,5/17/24 0:00,,Aquatic,Unknown,,WT,Priority to use ,Pleurodeles waltl,AABF2564,Slow growers,,,,
SAL_502,Rack 9,C3,5/17/24 0:00,,Aquatic,Unknown,,WT,Priority to use ,Pleurodeles waltl,AABF2564,Slow growers,,,,
SAL_503,Rack 9,C4,5/17/24 0:00,,Aquatic,Unknown,,WT,,Pleurodeles waltl,AABF2564,,,,,
SAL_504,Rack 9,C4,5/17/24 0:00,,Aquatic,Unknown,,WT,,Pleurodeles waltl,AABF2564,,,,,
SAL_505,Rack 9,C4,5/17/24 0:00,,Aquatic,Unknown,,WT,,Pleurodeles waltl,AABF2564,,,,,
SAL_506,Rack 9,C4,5/17/24 0:00,,Aquatic,Unknown,,WT,,Pleurodeles waltl,AABF2564,,,,,
SAL_507,Rack 9,C4,5/17/24 0:00,,Aquatic,Unknown,,WT,,Pleurodeles waltl,AABF2564,,,,,
SAL_508,Rack 9,C4,5/17/24 0:00,,Aquatic,Unknown,,WT,,Pleurodeles waltl,AABF2564,,,,,
SAL_509,Rack 1,A1,7/1/22 0:00,,Aquatic,Unknown,Sweden,hsyn-GFP,,Pleurodeles waltl,AABF2564,,,,,
SAL_510,Rack 1,A1,7/1/22 0:00,,Aquatic,Unknown,Sweden,hsyn-GFP,,Pleurodeles waltl,AABF2564,,,,,
SAL_511,Rack 1,A1,7/1/22 0:00,,Aquatic,Unknown,Sweden,hsyn-GFP,,Pleurodeles waltl,AABF2564,,,,,
SAL_512,Rack 1,A1,7/1/22 0:00,,Aquatic,Unknown,Sweden,hsyn-GFP,,Pleurodeles waltl,AABF2564,,,,,
SAL_513,Rack 1,A1,7/1/22 0:00,,Aquatic,Unknown,Sweden,hsyn-GFP,,Pleurodeles waltl,AABF2564,,,,,
SAL_514,Rack 1,A1,7/1/22 0:00,,Aquatic,Unknown,Sweden,hsyn-GFP,,Pleurodeles waltl,AABF2564,,,,,
SAL_515,Rack 1,A2,7/1/22 0:00,,Aquatic,Unknown,Sweden,hsyn-GFP,,Pleurodeles waltl,AABF2564,,,,,
SAL_516,Rack 1,A2,7/1/22 0:00,,Aquatic,Unknown,Sweden,hsyn-GFP,,Pleurodeles waltl,AABF2564,,,,,
SAL_517,Rack 1,A2,7/1/22 0:00,,Aquatic,Unknown,Sweden,hsyn-GFP,,Pleurodeles waltl,AABF2564,,,,,
SAL_518,Rack 1,A2,7/1/22 0:00,,Aquatic,Unknown,Sweden,hsyn-GFP,,Pleurodeles waltl,AABF2564,,,,,
SAL_519,Rack 1,A2,7/1/22 0:00,,Aquatic,Unknown,Sweden,hsyn-GFP,,Pleurodeles waltl,AABF2564,,,,,
SAL_520,Rack 1,A3,7/1/22 0:00,,Aquatic,Unknown,Sweden,hsyn-GFP,,Pleurodeles waltl,AABF2564,,,,,
SAL_521,Rack 1,A3,7/1/22 0:00,,Aquatic,Unknown,Sweden,hsyn-GFP,,Pleurodeles waltl,AABF2564,,,,,
SAL_522,Rack 1,A3,7/1/22 0:00,,Aquatic,Unknown,Sweden,hsyn-GFP,,Pleurodeles waltl,AABF2564,,,,,
SAL_523,Rack 1,A3,7/1/22 0:00,,Aquatic,Unknown,Sweden,hsyn-GFP,,Pleurodeles waltl,AABF2564,,,,,
SAL_524,Rack 1,A3,7/1/22 0:00,,Aquatic,Unknown,Sweden,hsyn-GFP,,Pleurodeles waltl,AABF2564,,,,,
SAL_525,Rack 1,A4,7/1/22 0:00,,Aquatic,Unknown,Sweden,hsyn-GFP,,Pleurodeles waltl,AABF2564,,,,,
SAL_526,Rack 1,A4,7/1/22 0:00,,Aquatic,Unknown,Sweden,hsyn-GFP,,Pleurodeles waltl,AABF2564,,,,,
SAL_527,Rack 1,A4,7/1/22 0:00,,Aquatic,Unknown,Sweden,hsyn-GFP,,Pleurodeles waltl,AABF2564,,,,,
SAL_528,Rack 1,A4,7/1/22 0:00,,Aquatic,Unknown,Sweden,hsyn-GFP,,Pleurodeles waltl,AABF2564,,,,,
SAL_529,Rack 1,A4,7/1/22 0:00,,Aquatic,Unknown,Sweden,hsyn-GFP,,Pleurodeles waltl,AABF2564,,,,,
SAL_530,Rack 1,A4,7/1/22 0:00,,Aquatic,Unknown,Sweden,hsyn-GFP,,Pleurodeles waltl,AABF2564,,,,,
SAL_531,Rack 1,A4,7/1/22 0:00,,Aquatic,Unknown,Sweden,hsyn-GFP,,Pleurodeles waltl,AABF2564,,,,,
SAL_532,Rack 1,B1,9/1/23 0:00,,Aquatic,Unknown,Sweden,hsyn-GCaMP6s,LX St Jude,Pleurodeles waltl,AABL1550,,,,,
SAL_533,Rack 1,B1,9/1/23 0:00,,Aquatic,Unknown,Sweden,hsyn-GCaMP6s,LX St Jude,Pleurodeles waltl,AABL1550,,,,,
SAL_534,Rack 1,B1,9/1/23 0:00,,Aquatic,Unknown,Sweden,hsyn-GCaMP6s,LX St Jude,Pleurodeles waltl,AABL1550,,,,,
SAL_535,Rack 1,B1,9/1/23 0:00,,Aquatic,Unknown,Sweden,hsyn-GCaMP6s,LX St Jude,Pleurodeles waltl,AABL1550,,,,,
SAL_536,Rack 1,B1,9/1/23 0:00,,Aquatic,Unknown,Sweden,hsyn-GCaMP6s,LX St Jude,Pleurodeles waltl,AABL1550,,,,,
SAL_537,Rack 1,B1,9/1/23 0:00,,Aquatic,Unknown,Sweden,hsyn-GCaMP6s,LX St Jude,Pleurodeles waltl,AABL1550,,,,,
SAL_538,Rack 1,B2,9/1/23 0:00,,Aquatic,Unknown,Sweden,hsyn-GCaMP6s,,Pleurodeles waltl,AABL1550,,,,,
SAL_539,Rack 1,B3,9/1/23 0:00,,Aquatic,Unknown,Sweden,hsyn-GCaMP6s,,Pleurodeles waltl,AABL1550,,,,,
SAL_540,Rack 1,B3,9/1/23 0:00,,Aquatic,Unknown,Sweden,hsyn-GCaMP6s,,Pleurodeles waltl,AABL1550,,,,,
SAL_541,Rack 1,B3,9/1/23 0:00,,Aquatic,Unknown,Sweden,hsyn-GCaMP6s,,Pleurodeles waltl,AABL1550,,,,,
SAL_542,Rack 1,B3,9/1/23 0:00,,Aquatic,Unknown,Sweden,hsyn-GCaMP6s,,Pleurodeles waltl,AABL1550,,,,,
SAL_543,Rack 1,B3,9/1/23 0:00,,Aquatic,Unknown,Sweden,hsyn-GCaMP6s,,Pleurodeles waltl,AABL1550,,,,,
SAL_544,Rack 1,B4,9/1/23 0:00,,Aquatic,Unknown,Sweden,hsyn-GCaMP6s,,Pleurodeles waltl,AABL1550,,,,,
SAL_545,Rack 1,B4,9/1/23 0:00,,Aquatic,Unknown,Sweden,hsyn-GCaMP6s,,Pleurodeles waltl,AABL1550,,,,,
SAL_546,Rack 1,B4,9/1/23 0:00,,Aquatic,Unknown,Sweden,hsyn-GCaMP6s,,Pleurodeles waltl,AABL1550,,,,,
SAL_547,Rack 1,B4,9/1/23 0:00,,Aquatic,Unknown,Sweden,hsyn-GCaMP6s,,Pleurodeles waltl,AABL1550,,,,,
SAL_548,Rack 1,B4,9/1/23 0:00,,Aquatic,Unknown,Sweden,hsyn-GCaMP6s,,Pleurodeles waltl,AABL1550,,,,,
SAL_549,Rack 1,B4,9/1/23 0:00,,Aquatic,Unknown,Sweden,hsyn-GCaMP6s,,Pleurodeles waltl,AABL1550,,,,,
SAL_550,Rack 1,B4,9/1/23 0:00,,Aquatic,Unknown,Sweden,hsyn-GCaMP6s,,Pleurodeles waltl,AABL1550,,,,,
SAL_551,Rack 1,C1,8/1/23 0:00,,Aquatic,Unknown,Sweden,mDlx-ChR2,,Pleurodeles waltl,AABL1550,,,,,
SAL_552,Rack 1,C2,7/1/22 0:00,,Aquatic,Unknown,Sweden,mDlx-GFP,,Pleurodeles waltl,AABF2564,,,,,
SAL_553,Rack 1,C2,7/1/22 0:00,,Aquatic,Unknown,Sweden,mDlx-GFP,,Pleurodeles waltl,AABF2564,,,,,
SAL_554,Rack 1,C2,7/1/22 0:00,,Aquatic,Unknown,Sweden,mDlx-GFP,,Pleurodeles waltl,AABF2564,,,,,
SAL_555,Rack 1,C2,7/1/22 0:00,,Aquatic,Unknown,Sweden,mDlx-GFP,,Pleurodeles waltl,AABF2564,,,,,
SAL_556,Rack 11,C2,9/1/23 0:00,Terra U,Terrestrial,Unknown,Sweden,hsyn-GCaMP6s,ECJ TS Imaging,Pleurodeles waltl,AABL1550,,,10/29/24 0:00,,
SAL_557,Rack 11,C2,9/1/23 0:00,Terra U,Terrestrial,Unknown,Sweden,hsyn-GCaMP6s,ECJ TS Imaging,Pleurodeles waltl,AABL1550,,,10/29/24 0:00,,
SAL_558,Rack 11,C2,9/1/23 0:00,Terra U,Terrestrial,Unknown,Sweden,hsyn-GCaMP6s,ECJ TS Imaging,Pleurodeles waltl,AABL1550,,,10/29/24 0:00,,
SAL_559,Rack 7,B1,9/1/23 0:00,,Aquatic,Unknown,Sweden,hsyn-GCaMP6s,,Pleurodeles waltl,AABL1550,DOB 11/2021-Sept/2023,,,,
SAL_560,Rack 7,B1,9/1/23 0:00,,Aquatic,Unknown,Sweden,hsyn-GCaMP6s,,Pleurodeles waltl,AABL1550,DOB 11/2021-Sept/2023,,,,
SAL_561,Rack 7,B1,9/1/23 0:00,,Aquatic,Unknown,Sweden,hsyn-GCaMP6s,,Pleurodeles waltl,AABL1550,DOB 11/2021-Sept/2023,,,,
SAL_562,Rack 7,B1,9/1/23 0:00,,Aquatic,Unknown,Sweden,hsyn-GCaMP6s,,Pleurodeles waltl,AABL1550,DOB 11/2021-Sept/2023,,,,
SAL_563,Rack 7,B1,9/1/23 0:00,,Aquatic,Unknown,Sweden,hsyn-GCaMP6s,,Pleurodeles waltl,AABL1550,DOB 11/2021-Sept/2023,,,,
SAL_564,Rack 7,B1,9/1/23 0:00,,Aquatic,Unknown,Sweden,hsyn-GCaMP6s,,Pleurodeles waltl,AABL1550,DOB 11/2021-Sept/2023,,,,
SAL_565,Rack 2,B4,,Fake,Aquatic,Unknown,,WT,DNE Fake Placeholder,Pleurodeles waltl,AABL1550,,,,,
SAL_566,Rack 7,B2,9/1/22 0:00,,Aquatic,Unknown,Sweden,hsyn-GCaMP6s,,Pleurodeles waltl,AABL1550,DOB 2021/07 - 2023/09,,,,
SAL_567,Rack 7,B2,9/1/22 0:00,,Aquatic,Unknown,Sweden,hsyn-GCaMP6s,,Pleurodeles waltl,AABL1550,DOB 2021/07 - 2023/09,,,,
SAL_568,Rack 7,B2,9/1/22 0:00,,Aquatic,Unknown,Sweden,hsyn-GCaMP6s,,Pleurodeles waltl,AABL1550,DOB 2021/07 - 2023/09,,,,
SAL_569,Rack 7,B2,9/1/22 0:00,,Aquatic,Unknown,Sweden,hsyn-GCaMP6s,,Pleurodeles waltl,AABL1550,DOB 2021/07 - 2023/09,,,,
SAL_570,Rack 7,B2,9/1/22 0:00,,Aquatic,Unknown,Sweden,hsyn-GCaMP6s,,Pleurodeles waltl,AABL1550,DOB 2021/07 - 2023/09,,,,
SAL_572,Rack 7,B3,9/1/22 0:00,,Aquatic,Unknown,Sweden,hsyn-GCaMP6s,,Pleurodeles waltl,AABL1550,DOB 2021/07 - 2023/09,,,,
SAL_573,Rack 7,B3,9/1/22 0:00,,Aquatic,Unknown,Sweden,hsyn-GCaMP6s,,Pleurodeles waltl,AABL1550,DOB 2021/07 - 2023/09,,,,
SAL_574,Rack 7,B3,9/1/22 0:00,,Aquatic,Unknown,Sweden,hsyn-GCaMP6s,,Pleurodeles waltl,AABL1550,,,,,
SAL_575,Rack 7,B4,9/1/22 0:00,,Aquatic,Unknown,Sweden,hsyn-GCaMP6s,,Pleurodeles waltl,AABL1550,DOB 2021/11 - 2023/09,,,,
SAL_576,Rack 7,B4,9/1/22 0:00,,Aquatic,Unknown,Sweden,hsyn-GCaMP6s,,Pleurodeles waltl,AABL1550,DOB 2021/11 - 2023/09,,,,
SAL_577,Rack 7,B4,9/1/22 0:00,,Aquatic,Unknown,Sweden,hsyn-GCaMP6s,,Pleurodeles waltl,AABL1550,DOB 2021/11 - 2023/09,,,,
SAL_578,Rack 7,B4,9/1/22 0:00,,Aquatic,Unknown,Sweden,hsyn-GCaMP6s,,Pleurodeles waltl,AABL1550,DOB 2021/11 - 2023/09,,,,
SAL_579,Rack 7,C1,7/1/22 0:00,,Aquatic,Unknown,Sweden,mDlx-GFP,,Pleurodeles waltl,AABF2564,,,,,
SAL_580,Rack 7,C1,7/1/22 0:00,,Aquatic,Unknown,Sweden,mDlx-GFP,,Pleurodeles waltl,AABF2564,,,,,
SAL_581,Rack 7,C1,7/1/22 0:00,,Aquatic,Unknown,Sweden,mDlx-GFP,,Pleurodeles waltl,AABF2564,,,,,
SAL_582,Rack 7,C2,7/1/22 0:00,,Aquatic,Unknown,Sweden,mDlx-GFP,,Pleurodeles waltl,AABF2564,Metro treatment Jan 2025,,,,
SAL_583,Rack 7,C2,7/1/22 0:00,,Aquatic,Unknown,Sweden,mDlx-GFP,,Pleurodeles waltl,AABF2564,Metro treatment Jan 2025,,,,
SAL_584,Rack 7,C2,7/1/22 0:00,,Aquatic,Unknown,Sweden,mDlx-GFP,,Pleurodeles waltl,AABF2564,Metro treatment Jan 2025,,,,
SAL_585,Rack 7,C3,7/1/22 0:00,,Aquatic,Unknown,Sweden,mDlx-GFP,,Pleurodeles waltl,AABF2564,,,,,
SAL_586,Rack 7,C3,7/1/22 0:00,,Aquatic,Unknown,Sweden,mDlx-GFP,,Pleurodeles waltl,AABF2564,,,,,
SAL_587,Rack 7,C3,7/1/22 0:00,,Aquatic,Unknown,Sweden,mDlx-GFP,,Pleurodeles waltl,AABF2564,,,,,
SAL_588,Rack 7,C3,7/1/22 0:00,,Aquatic,Unknown,Sweden,mDlx-GFP,,Pleurodeles waltl,AABF2564,,,,,
SAL_589,Rack 7,C3,7/1/22 0:00,,Aquatic,Unknown,Sweden,mDlx-GFP,,Pleurodeles waltl,AABF2564,,,,,
SAL_590,Rack 7,C3,7/1/22 0:00,,Aquatic,Unknown,Sweden,mDlx-GFP,,Pleurodeles waltl,AABF2564,,,,,
SAL_591,Rack 7,C4,7/1/22 0:00,,Aquatic,Unknown,Sweden,mDlx-GFP,,Pleurodeles waltl,AABF2564,,,,,
SAL_592,Rack 7,C4,7/1/22 0:00,,Aquatic,Unknown,Sweden,mDlx-GFP,,Pleurodeles waltl,AABF2564,,,,,
SAL_593,Rack 7,C4,7/1/22 0:00,,Aquatic,Unknown,Sweden,mDlx-GFP,,Pleurodeles waltl,AABF2564,,,,,
SAL_594,Rack 7,C4,7/1/22 0:00,,Aquatic,Unknown,Sweden,mDlx-GFP,,Pleurodeles waltl,AABF2564,,,,,
SAL_595,Rack 7,C4,7/1/22 0:00,,Aquatic,Unknown,Sweden,mDlx-GFP,,Pleurodeles waltl,AABF2564,,,,,
SAL_596,Rack 7,C4,7/1/22 0:00,,Aquatic,Unknown,Sweden,mDlx-GFP,,Pleurodeles waltl,AABF2564,,,,,
SAL_597,Rack 7,A3,8/8/24 0:00,,Aquatic,Unknown,,WT,Priority to use,Pleurodeles waltl,AABI2617,Previously PTU controls,,,,
SAL_598,Rack 7,A3,8/8/24 0:00,,Aquatic,Unknown,,WT,Priority to use,Pleurodeles waltl,AABI2617,Previously PTU controls,,,,
SAL_599,Rack 9,B4,8/8/24 0:00,,Aquatic,Unknown,,WT,Priority to use,Pleurodeles waltl,AABF2564,,,,,
SAL_600,Rack 9,B4,8/8/24 0:00,,Aquatic,Unknown,,WT,Priority to use,Pleurodeles waltl,AABF2564,,,,,
SAL_601,Rack 9,B4,8/8/24 0:00,,Aquatic,Unknown,,WT,Priority to use,Pleurodeles waltl,AABF2564,,,,,
SAL_602,Rack 9,B4,8/8/24 0:00,,Aquatic,Unknown,,WT,Priority to use,Pleurodeles waltl,AABF2564,,,,,
SAL_603,Rack 9,B4,8/8/24 0:00,,Aquatic,Unknown,,WT,Priority to use,Pleurodeles waltl,AABF2564,,,,,
SAL_604,Rack 9,B4,8/8/24 0:00,,Aquatic,Unknown,,WT,Priority to use,Pleurodeles waltl,AABF2564,,,,,
SAL_605,Rack 9,B4,8/8/24 0:00,,Aquatic,Unknown,,WT,Priority to use,Pleurodeles waltl,AABF2564,,,,,
SAL_606,Rack 9,B2,10/25/24 0:00,Viral,Aquatic,Unknown,,WT,NJC,Pleurodeles waltl,AABL1550,Viral PHPeB G6s NJC,,,,
SAL_607,Rack 9,B2,10/25/24 0:00,Viral,Aquatic,Unknown,,WT,NJC,Pleurodeles waltl,AABL1550,Viral PHPeB G6s NJC,,,,
SAL_608,Rack 9,B2,10/25/24 0:00,Viral,Aquatic,Unknown,,WT,NJC,Pleurodeles waltl,AABL1550,Viral PHPeB G6s NJC,,,,
SAL_609,Rack 9,B2,10/25/24 0:00,Viral,Aquatic,Unknown,,WT,NJC,Pleurodeles waltl,AABL1550,Viral PHPeB G6s NJC,,,,
SAL_610,Rack 9,B2,10/25/24 0:00,Viral,Aquatic,Unknown,,WT,NJC,Pleurodeles waltl,AABL1550,Viral PHPeB G6s NJC,,,,
SAL_611,Rack 9,B2,10/25/24 0:00,Viral,Aquatic,Unknown,,WT,NJC,Pleurodeles waltl,AABL1550,Viral PHPeB G6s NJC,,,,
SAL_612,Rack 9,B3,10/25/24 0:00,,Aquatic,Unknown,,WT,AOG,Pleurodeles waltl,AABI2617,,,,,
SAL_613,Rack 9,B3,10/25/24 0:00,,Aquatic,Unknown,,WT,AOG,Pleurodeles waltl,AABI2617,,,,,
SAL_614,Rack 9,B3,10/25/24 0:00,,Aquatic,Unknown,,WT,AOG,Pleurodeles waltl,AABI2617,,,,,
SAL_615,Rack 9,B3,10/25/24 0:00,,Aquatic,Unknown,,WT,AOG,Pleurodeles waltl,AABI2617,,,,,
SAL_616,Rack 9,B3,10/25/24 0:00,,Aquatic,Unknown,,WT,AOG,Pleurodeles waltl,AABI2617,,,,,
SAL_617,Rack 9,A1,10/25/24 0:00,Viral,Aquatic,Unknown,,WT,TS,Pleurodeles waltl,AABL1550,TS PHPeB GCaMP,,,,
SAL_618,Rack 9,A1,10/25/24 0:00,Viral,Aquatic,Unknown,,WT,TS,Pleurodeles waltl,AABL1550,TS PHPeB GCaMP,,,,
SAL_619,Rack 9,A1,10/25/24 0:00,Viral,Aquatic,Unknown,,WT,TS,Pleurodeles waltl,AABL1550,TS PHPeB GCaMP,,,,
SAL_620,Rack 9,A1,10/25/24 0:00,Viral,Aquatic,Unknown,,WT,TS,Pleurodeles waltl,AABL1550,TS PHPeB GCaMP,,,,
SAL_621,Rack 9,A1,10/25/24 0:00,Viral,Aquatic,Unknown,,WT,TS,Pleurodeles waltl,AABL1550,TS PHPeB GCaMP,,,,
SAL_622,Rack 9,A1,10/25/24 0:00,Viral,Aquatic,Unknown,,WT,TS,Pleurodeles waltl,AABL1550,TS PHPeB GCaMP,,,,
SAL_623,Rack 9,A1,10/25/24 0:00,Viral,Aquatic,Unknown,,WT,TS,Pleurodeles waltl,AABL1550,TS PHPeB GCaMP,,,,
SAL_624,Rack 9,A2,10/25/24 0:00,Viral,Aquatic,Unknown,,WT,TS,Pleurodeles waltl,AABL1550,TS PHPeB GCaMP,,,,
SAL_625,Rack 9,A2,10/25/24 0:00,Viral,Aquatic,Unknown,,WT,TS,Pleurodeles waltl,AABL1550,TS PHPeB GCaMP,,,,
SAL_626,Rack 9,A2,10/25/24 0:00,Viral,Aquatic,Unknown,,WT,TS,Pleurodeles waltl,AABL1550,TS PHPeB GCaMP,,,,
SAL_627,Rack 9,A2,10/25/24 0:00,Viral,Aquatic,Unknown,,WT,TS,Pleurodeles waltl,AABL1550,TS PHPeB GCaMP,,,,
SAL_628,Rack 9,A2,10/25/24 0:00,Viral,Aquatic,Unknown,,WT,TS,Pleurodeles waltl,AABL1550,TS PHPeB GCaMP,,,,
SAL_629,Rack 9,A3,10/25/24 0:00,,Aquatic,Unknown,,WT,AOG,Pleurodeles waltl,AABI2617,Regen,,,,
SAL_630,Rack 9,A3,10/25/24 0:00,,Aquatic,Unknown,,WT,AOG,Pleurodeles waltl,AABI2617,Regen,,,,
SAL_631,Rack 9,A4,10/25/24 0:00,,Aquatic,Unknown,,WT,AOG,Pleurodeles waltl,AABI2617,Regen,,,,
SAL_632,Rack 9,A4,10/25/24 0:00,,Aquatic,Unknown,,WT,AOG,Pleurodeles waltl,AABI2617,Regen,,,,
SAL_633,Rack 9,A4,10/25/24 0:00,,Aquatic,Unknown,,WT,AOG,Pleurodeles waltl,AABI2617,Regen,,,,
SAL_634,Rack 9,A4,10/25/24 0:00,,Aquatic,Unknown,,WT,AOG,Pleurodeles waltl,AABI2617,Regen,,,,
SAL_635,Rack 9,A4,10/25/24 0:00,,Aquatic,Unknown,,WT,AOG,Pleurodeles waltl,AABI2617,Regen,,,,
SAL_636,Rack 9,A4,10/25/24 0:00,,Aquatic,Unknown,,WT,AOG,Pleurodeles waltl,AABI2617,Regen,,,,
SAL_637,Rack 9,A4,10/25/24 0:00,,Aquatic,Unknown,,WT,AOG,Pleurodeles waltl,AABI2617,Regen,,,,
SAL_638,Rack 9,A4,10/25/24 0:00,,Aquatic,Unknown,,WT,AOG,Pleurodeles waltl,AABI2617,Regen,,,,
SAL_639,Rack 9,B1,11/25/24 0:00,Viral,Aquatic,Unknown,,WT,TS,Pleurodeles waltl,AABL1550,DREADD/PHPeB G6s TS,,,,
SAL_640,Rack 9,B1,11/25/24 0:00,Viral,Aquatic,Unknown,,WT,TS,Pleurodeles waltl,AABL1550,DREADD/PHPeB G6s TS,,,,
SAL_641,Rack 9,B1,11/25/24 0:00,Viral,Aquatic,Unknown,,WT,TS,Pleurodeles waltl,AABL1550,DREADD/PHPeB G6s TS,,,,
SAL_642,Rack 9,B1,11/25/24 0:00,Viral,Aquatic,Unknown,,WT,TS,Pleurodeles waltl,AABL1550,DREADD/PHPeB G6s TS,,,,
SAL_643,Rack 9,B1,11/25/24 0:00,Viral,Aquatic,Unknown,,WT,TS,Pleurodeles waltl,AABL1550,DREADD/PHPeB G6s TS,,,,
SAL_644,Rack 9,C2,12/10/24 0:00,,Aquatic,Unknown,,WT,AOG,Pleurodeles waltl,AABI2617,AOG Electroporation,,,,
SAL_645,Rack 9,C2,12/10/24 0:00,,Aquatic,Unknown,,WT,AOG,Pleurodeles waltl,AABI2617,AOG Electroporation,,,,
SAL_646,Rack 9,C2,12/10/24 0:00,,Aquatic,Unknown,,WT,AOG,Pleurodeles waltl,AABI2617,AOG Electroporation,,,,
SAL_647,Rack 9,C2,12/10/24 0:00,,Aquatic,Unknown,,WT,AOG,Pleurodeles waltl,AABI2617,AOG Electroporation,,,,
SAL_648,Rack 9,C2,12/10/24 0:00,,Aquatic,Unknown,,WT,AOG,Pleurodeles waltl,AABI2617,AOG Electroporation,,,,
SAL_649,Rack 9,C2,12/10/24 0:00,,Aquatic,Unknown,,WT,AOG,Pleurodeles waltl,AABI2617,AOG Electroporation,,,,
SAL_650,Rack 9,C2,12/10/24 0:00,,Aquatic,Unknown,,WT,AOG,Pleurodeles waltl,AABI2617,AOG Electroporation,,,,
SAL_651,Rack 5,A1,12/10/24 0:00,,Aquatic,Unknown,,WT,,Pleurodeles waltl,AABF2564,,,,,
SAL_652,Rack 5,A1,12/10/24 0:00,,Aquatic,Unknown,,WT,,Pleurodeles waltl,AABF2564,,,,,
SAL_653,Rack 5,A1,12/10/24 0:00,,Aquatic,Unknown,,WT,,Pleurodeles waltl,AABF2564,,,,,
SAL_654,Rack 5,A1,12/10/24 0:00,,Aquatic,Unknown,,WT,,Pleurodeles waltl,AABF2564,,,,,
SAL_655,Rack 5,A1,12/10/24 0:00,,Aquatic,Unknown,,WT,,Pleurodeles waltl,AABF2564,,,,,
SAL_656,Rack 5,A1,12/10/24 0:00,,Aquatic,Unknown,,WT,,Pleurodeles waltl,AABF2564,,,,,
SAL_657,Rack 5,A1,12/10/24 0:00,,Aquatic,Unknown,,WT,,Pleurodeles waltl,AABF2564,,,,,
SAL_658,Rack 5,A1,12/10/24 0:00,,Aquatic,Unknown,,WT,,Pleurodeles waltl,AABF2564,,,,,
SAL_659,Rack 5,A2,12/10/24 0:00,,Aquatic,Unknown,,WT,,Pleurodeles waltl,AABF2564,,,,,
SAL_660,Rack 5,A2,12/10/24 0:00,,Aquatic,Unknown,,WT,,Pleurodeles waltl,AABF2564,,,,,
SAL_661,Rack 5,A2,12/10/24 0:00,,Aquatic,Unknown,,WT,,Pleurodeles waltl,AABF2564,,,,,
SAL_662,Rack 5,A2,12/10/24 0:00,,Aquatic,Unknown,,WT,,Pleurodeles waltl,AABF2564,,,,,
SAL_663,Rack 5,A2,12/10/24 0:00,,Aquatic,Unknown,,WT,,Pleurodeles waltl,AABF2564,,,,,
SAL_664,Rack 5,A2,12/10/24 0:00,,Aquatic,Unknown,,WT,,Pleurodeles waltl,AABF2564,,,,,
SAL_665,Rack 5,A2,12/10/24 0:00,,Aquatic,Unknown,,WT,,Pleurodeles waltl,AABF2564,,,,,
SAL_666,Rack 5,A2,12/10/24 0:00,,Aquatic,Unknown,,WT,,Pleurodeles waltl,AABF2564,,,,,
SAL_667,Rack 5,A3,12/19/24 0:00,,Aquatic,Unknown,,WT,,Pleurodeles waltl,AABF2564,,,,,
SAL_668,Rack 5,A3,12/19/24 0:00,,Aquatic,Unknown,,WT,,Pleurodeles waltl,AABF2564,,,,,
SAL_669,Rack 5,A3,12/19/24 0:00,,Aquatic,Unknown,,WT,,Pleurodeles waltl,AABF2564,,,,,
SAL_670,Rack 5,A3,12/19/24 0:00,,Aquatic,Unknown,,WT,,Pleurodeles waltl,AABF2564,,,,,
SAL_671,Rack 5,A3,12/19/24 0:00,,Aquatic,Unknown,,WT,,Pleurodeles waltl,AABF2564,,,,,
SAL_672,Rack 5,A3,12/19/24 0:00,,Aquatic,Unknown,,WT,,Pleurodeles waltl,AABF2564,,,,,
SAL_674,Rack 5,C4,12/10/24 0:00,,Aquatic,Unknown,,WT,,Pleurodeles waltl,AABF2564,,,,,
SAL_675,Rack 5,C4,12/10/24 0:00,,Aquatic,Unknown,,WT,,Pleurodeles waltl,AABF2564,,,,,
SAL_676,Rack 5,B1,12/10/24 0:00,,Aquatic,Unknown,,WT,,Pleurodeles waltl,AABF2564,,,,,
SAL_677,Rack 5,B1,12/10/24 0:00,,Aquatic,Unknown,,WT,,Pleurodeles waltl,AABF2564,,,,,
SAL_678,Rack 5,B1,12/10/24 0:00,,Aquatic,Unknown,,WT,,Pleurodeles waltl,AABF2564,,,,,
SAL_679,Rack 5,B1,12/10/24 0:00,,Aquatic,Unknown,,WT,,Pleurodeles waltl,AABF2564,,,,,
SAL_680,Rack 5,B1,12/10/24 0:00,,Aquatic,Unknown,,WT,,Pleurodeles waltl,AABF2564,,,,,
SAL_681,Rack 5,B2,12/10/24 0:00,,Aquatic,Unknown,,WT,,Pleurodeles waltl,AABF2564,,,,,
SAL_682,Rack 5,B2,12/10/24 0:00,,Aquatic,Unknown,,WT,,Pleurodeles waltl,AABF2564,,,,,
SAL_683,Rack 5,B2,12/10/24 0:00,,Aquatic,Unknown,,WT,,Pleurodeles waltl,AABF2564,,,,,
SAL_684,Rack 5,B2,12/10/24 0:00,,Aquatic,Unknown,,WT,,Pleurodeles waltl,AABF2564,,,,,
SAL_685,Rack 5,B2,12/10/24 0:00,,Aquatic,Unknown,,WT,,Pleurodeles waltl,AABF2564,,,,,
SAL_686,Rack 5,B2,12/10/24 0:00,,Aquatic,Unknown,,WT,,Pleurodeles waltl,AABF2564,,,,,
SAL_687,Rack 5,B2,12/10/24 0:00,,Aquatic,Unknown,,WT,,Pleurodeles waltl,AABF2564,,,,,
SAL_688,Rack 5,B2,12/10/24 0:00,,Aquatic,Unknown,,WT,,Pleurodeles waltl,AABF2564,,,,,
SAL_689,Rack 5,B3,11/25/24 0:00,,Aquatic,Unknown,,WT,,Pleurodeles waltl,AABF2564,,,,,
SAL_690,Rack 5,B3,11/25/24 0:00,,Aquatic,Unknown,,WT,,Pleurodeles waltl,AABF2564,,,,,
SAL_691,Rack 5,B3,11/25/24 0:00,,Aquatic,Unknown,,WT,,Pleurodeles waltl,AABF2564,,,,,
SAL_692,Rack 5,B3,11/25/24 0:00,,Aquatic,Unknown,,WT,,Pleurodeles waltl,AABF2564,,,,,
SAL_693,Rack 5,B3,11/25/24 0:00,,Aquatic,Unknown,,WT,,Pleurodeles waltl,AABF2564,,,,,
SAL_694,Rack 5,B3,11/25/24 0:00,,Aquatic,Unknown,,WT,,Pleurodeles waltl,AABF2564,,,,,
SAL_695,Rack 5,B4,12/10/24 0:00,,Aquatic,Unknown,,WT,,Pleurodeles waltl,AABF2564,,,,,
SAL_696,Rack 5,B4,12/10/24 0:00,,Aquatic,Unknown,,WT,,Pleurodeles waltl,AABF2564,,,,,
SAL_697,Rack 5,B4,12/10/24 0:00,,Aquatic,Unknown,,WT,,Pleurodeles waltl,AABF2564,,,,,
SAL_698,Rack 5,B4,12/10/24 0:00,,Aquatic,Unknown,,WT,,Pleurodeles waltl,AABF2564,,,,,
SAL_699,Rack 5,B4,12/10/24 0:00,,Aquatic,Unknown,,WT,,Pleurodeles waltl,AABF2564,,,,,
SAL_700,Rack 5,B4,12/10/24 0:00,,Aquatic,Unknown,,WT,,Pleurodeles waltl,AABF2564,,,,,
SAL_701,Rack 5,B4,12/10/24 0:00,,Aquatic,Unknown,,WT,,Pleurodeles waltl,AABF2564,,,,,
SAL_702,Rack 5,B4,12/10/24 0:00,,Aquatic,Unknown,,WT,,Pleurodeles waltl,AABF2564,,,,,
SAL_703,Rack 5,C1,12/10/24 0:00,,Aquatic,Unknown,,WT,,Pleurodeles waltl,AABF2564,,,,,
SAL_704,Rack 5,C1,12/10/24 0:00,,Aquatic,Unknown,,WT,,Pleurodeles waltl,AABF2564,,,,,
SAL_705,Rack 5,C1,12/10/24 0:00,,Aquatic,Unknown,,WT,,Pleurodeles waltl,AABF2564,,,,,
SAL_706,Rack 5,C1,12/10/24 0:00,,Aquatic,Unknown,,WT,,Pleurodeles waltl,AABF2564,,,,,
SAL_707,Rack 5,C1,12/10/24 0:00,,Aquatic,Unknown,,WT,,Pleurodeles waltl,AABF2564,,,,,
SAL_708,Rack 5,C1,12/10/24 0:00,,Aquatic,Unknown,,WT,,Pleurodeles waltl,AABF2564,,,,,
SAL_709,Rack 5,C1,12/10/24 0:00,,Aquatic,Unknown,,WT,,Pleurodeles waltl,AABF2564,,,,,
SAL_710,Rack 5,C1,12/10/24 0:00,,Aquatic,Unknown,,WT,,Pleurodeles waltl,AABF2564,,,,,
SAL_711,Rack 5,C2,12/10/24 0:00,,Aquatic,Unknown,,WT,,Pleurodeles waltl,AABF2564,,,,,
SAL_712,Rack 5,C2,12/10/24 0:00,,Aquatic,Unknown,,WT,,Pleurodeles waltl,AABF2564,,,,,
SAL_713,Rack 5,C2,12/10/24 0:00,,Aquatic,Unknown,,WT,,Pleurodeles waltl,AABF2564,,,,,
SAL_714,Rack 5,C2,12/10/24 0:00,,Aquatic,Unknown,,WT,,Pleurodeles waltl,AABF2564,,,,,
SAL_715,Rack 5,C2,12/10/24 0:00,,Aquatic,Unknown,,WT,,Pleurodeles waltl,AABF2564,,,,,
SAL_716,Rack 5,C2,12/10/24 0:00,,Aquatic,Unknown,,WT,,Pleurodeles waltl,AABF2564,,,,,
SAL_717,Rack 5,C2,12/10/24 0:00,,Aquatic,Unknown,,WT,,Pleurodeles waltl,AABF2564,,,,,
SAL_718,Rack 5,C3,12/10/24 0:00,,Aquatic,Unknown,,WT,,Pleurodeles waltl,AABF2564,,,,,
SAL_719,Rack 5,C3,12/10/24 0:00,,Aquatic,Unknown,,WT,,Pleurodeles waltl,AABF2564,,,,,
SAL_720,Rack 5,C3,12/10/24 0:00,,Aquatic,Unknown,,WT,,Pleurodeles waltl,AABF2564,,,,,
SAL_721,Rack 5,C3,12/10/24 0:00,,Aquatic,Unknown,,WT,,Pleurodeles waltl,AABF2564,,,,,
SAL_722,Rack 5,C3,12/10/24 0:00,,Aquatic,Unknown,,WT,,Pleurodeles waltl,AABF2564,,,,,
SAL_723,Rack 5,C3,12/10/24 0:00,,Aquatic,Unknown,,WT,,Pleurodeles waltl,AABF2564,,,,,
SAL_724,Rack 5,C3,12/10/24 0:00,,Aquatic,Unknown,,WT,,Pleurodeles waltl,AABF2564,,,,,
SAL_725,Rack 5,C4,12/10/24 0:00,,Aquatic,Unknown,,WT,,Pleurodeles waltl,AABF2564,,,,,
SAL_726,Rack 5,C4,12/10/24 0:00,,Aquatic,Unknown,,WT,,Pleurodeles waltl,AABF2564,,,,,
SAL_727,Rack 5,C4,12/10/24 0:00,,Aquatic,Unknown,,WT,,Pleurodeles waltl,AABF2564,,,,,
SAL_728,Rack 5,C4,12/10/24 0:00,,Aquatic,Unknown,,WT,,Pleurodeles waltl,AABF2564,,,,,
SAL_729,Rack 5,C4,12/10/24 0:00,,Aquatic,Unknown,,WT,,Pleurodeles waltl,AABF2564,,,,,
SAL_730,Rack 1,C3,3/12/25 0:00,,Aquatic,Unknown,,WT,GG,Polypterus senegalus,AABY5655,,,,,
SAL_731,Rack 1,C3,3/12/25 0:00,,Aquatic,Unknown,,WT,GG,Polypterus senegalus,AABY5655,,,,,
SAL_732,Rack 1,A1,,,Aquatic,Unknown,,WT,,Pleurodeles waltl,AABL1550,,,,,
SAL_733,Rack 12,C4,1/21/20,,Aquatic,Female,fake,WT,No history,Pleurodeles waltl,AABF2564,rifd,5/4/25,4/3/25,Gummy diet,
SAL_734,Rack 12,C4,1/21/20,,Aquatic,Female,fake,WT,No history,Pleurodeles waltl,AABF2564,rifd,5/4/25,4/3/25,Gummy diet,
SAL_735,Rack 12,C4,1/21/20,,Aquatic,Female,fake,WT,No history,Pleurodeles waltl,AABF2564,rifd,5/4/25,4/3/25,Gummy diet,
SAL_736,Rack 12,C4,1/21/20,,Aquatic,Female,fake,WT,No history,Pleurodeles waltl,AABF2564,rifd,5/4/25,4/3/25,Gummy diet,
SAL_737,Rack 12,C4,1/21/20,,Aquatic,Female,fake,WT,No history,Pleurodeles waltl,AABF2564,rifd,5/4/25,4/3/25,Gummy diet,
SAL_738,Rack 12,C4,1/21/20,,Aquatic,Female,fake,WT,No history,Pleurodeles waltl,AABF2564,rifd,5/4/25,4/3/25,Gummy diet,
SAL_739,Rack 1,A1,,,Aquatic,Unknown,,WT,,Pleurodeles waltl,AABL1550,,,,,
SAL_740,Rack 1,A1,,,Aquatic,Unknown,,WT,,Pleurodeles waltl,AABL1550,,,,,