Animal_ID,Tank,Rack,DOB,Cohort,Environmental_Condition,Sex,Lineage,Transgenic_Line,Experimental_Holds,Species,Protocol_Number,Experimental_History,RFID,Date_of_Terra,Date_of_Reaqua,Diet
SAL_001,C4,Rack 12,,Reptile Rapture - Yellow,Aquatic,Female,,WT,Breeding,Pleurodeles waltl,AABF2564,,,,,
SAL_002,C4,Rack 12,,Reptile Rapture - Yellow,Aquatic,Female,,WT,Breeding,Pleurodeles waltl,AABF2564,,,,,
SAL_003,C4,Rack 12,,Reptile Rapture - Yellow,Aquatic,Female,,WT,Breeding,Pleurodeles waltl,AABF2564,,,,,
SAL_004,C4,Rack 12,1/21/20,Reptile Rapture - Yellow,Aquatic,Male,,WT,Breeding,Pleurodeles waltl,AABF2564,,,,,
SAL_005,C4,Rack 12,1/21/20,Reptile Rapture - Yellow,Aquatic,Male,,WT,Breeding,Pleurodeles waltl,AABF2564,,,,,
SAL_006,C4,Rack 12,1/21/20,Reptile Rapture - Yellow,Aquatic,Male,,WT,Breeding,Pleurodeles waltl,AABF2564,,,,,
SAL_007,B4,Rack 12,1/21/20,Reptiles & Critters ,Aquatic,Male,,WT,Breeding,Pleurodeles waltl,AABF2564,,,,,
SAL_008,B4,Rack 12,1/21/20,Reptiles & Critters ,Aquatic,Male,,WT,Breeding,Pleurodeles waltl,AABF2564,,,,,
SAL_009,A5,Rack 12,6/2/20,Jungle Bobs,Aquatic,Female,,WT,Breeding,Pleurodeles waltl,AABF2564,,,,,
SAL_010,A5,Rack 12,6/2/20,Jungle Bobs,Aquatic,Female,,WT,Breeding,Pleurodeles waltl,AABF2564,,,,,
SAL_011,B4,Rack 12,7/5/20,,Aquatic,Female,,WT,Breeding,Pleurodeles waltl,AABF2564,,,,,
SAL_012,B4,Rack 12,7/5/20,,Aquatic,Female,,WT,Breeding,Pleurodeles waltl,AABF2564,,,,,
SAL_013,B4,Rack 12,7/5/20,,Aquatic,Female,,WT,Breeding,Pleurodeles waltl,AABF2564,,,,,
SAL_014,A4,Rack 12,7/9/20,,Aquatic,Unknown,,WT,,Pleurodeles waltl,AABL1550,Craniotomy,,,,
SAL_015,A4,Rack 12,7/9/20,,Aquatic,Unknown,,WT,,Pleurodeles waltl,AABL1550,Flashtag,,,,
SAL_016,B1,Rack 12,7/5/20,,Aquatic,Male,,WT,,Pleurodeles waltl,AABL1550,,,,,
SAL_017,B1,Rack 12,7/5/20,,Aquatic,Male,,WT,,Pleurodeles waltl,AABL1550,,,,,
SAL_018,A1,Rack 10,9/20/20,Terra A,Terrestrial,Unknown,,WT,,Pleurodeles waltl,AABL1550,,,4/28/22,,Gummy Schedule
SAL_019,A1,Rack 10,9/20/20,Terra A,Terrestrial,Unknown,,WT,,Pleurodeles waltl,AABL1550,,,4/28/22,,Gummy Schedule
SAL_020,A1,Rack 10,9/20/20,Terra A,Terrestrial,Unknown,,WT,,Pleurodeles waltl,AABL1550,,,4/28/22,,Gummy Schedule
SAL_021,A1,Rack 10,9/20/20,Terra A,Terrestrial,Unknown,,WT,,Pleurodeles waltl,AABL1550,,,4/28/22,,Gummy Schedule
SAL_022,B4,Rack 11,9/24/20,Terra S,Terrestrial,Unknown,,WT,AMMM implant testing,Pleurodeles waltl,AABL1550,,,2/9/23,,Gummy Schedule
SAL_023,B4,Rack 11,9/24/20,Terra S,Terrestrial,Unknown,,WT,AMMM implant testing,Pleurodeles waltl,AABL1550,,,2/9/23,,Gummy Schedule
SAL_024,B4,Rack 11,9/24/20,Terra S,Terrestrial,Unknown,,WT,AMMM implant testing,Pleurodeles waltl,AABL1550,,,2/9/23,,Gummy Schedule
SAL_025,D4,Rack 12,11/30/20,,Aquatic,Male,,WT,Breeding,Pleurodeles waltl,AABF2564,,,,,
SAL_026,D4,Rack 12,11/30/20,,Aquatic,Male,,WT,Breeding,Pleurodeles waltl,AABF2564,,,,,
SAL_027,D4,Rack 12,11/30/20,,Aquatic,Male,,WT,Breeding,Pleurodeles waltl,AABF2564,,,,,
SAL_028,D4,Rack 12,11/30/20,,Aquatic,Male,,WT,Breeding,Pleurodeles waltl,AABF2564,,,,,
SAL_029,D4,Rack 12,11/30/20,,Aquatic,Male,,WT,Breeding,Pleurodeles waltl,AABF2564,,,,,
SAL_030,A1,Rack 2,3/23/21 0:00,F0,Aquatic,Unknown,,hsyn-Cre,,Pleurodeles waltl,AABF2564,,,,,
SAL_031,A1,Rack 2,3/23/21 0:00,F0,Aquatic,Unknown,,hsyn-Cre,,Pleurodeles waltl,AABF2564,,,,,
SAL_032,A2,Rack 2,11/28/20 0:00,F0,Aquatic,Unknown,,hsyn-Cre,,Pleurodeles waltl,AABF2564,,,,,
SAL_033,A2,Rack 2,11/28/20 0:00,F0,Aquatic,Unknown,,hsyn-Cre,,Pleurodeles waltl,AABF2564,,,,,
SAL_034,A3,Rack 2,3/7/21 0:00,,Aquatic,Unknown,,mDlx-GFP,,Pleurodeles waltl,AABL1550,with signal,,,,
SAL_035,B5,Rack 2,11/18/20 0:00,F0,Aquatic,Unknown,,hsyn-Cre,,Pleurodeles waltl,AABF2564,genotyped +,,,,
SAL_036,B4,Rack 3,9/24/20 0:00,F0,Aquatic,Female,,hsyn-GCaMP6s,,Pleurodeles waltl,AABL1550,Previously known as Mother of All GCaMPs,,,,
SAL_037,B3,Rack 3,3/8/21 0:00,F0,Aquatic,Male,,hsyn-GCaMP6s,,Pleurodeles waltl,AABL1550,,,,,
SAL_038,C4,Rack 3,11/18/20 0:00,F0,Aquatic,Female,,hsyn-Cre,,Pleurodeles waltl,AABF2564,,,,,
SAL_039,B1,Rack 2,11/19/20 0:00,F0,Aquatic,Unknown,,hsyn-GCaMP6s,,Pleurodeles waltl,AABL1550,good signal,,,,
SAL_040,B1,Rack 2,7/14/21 0:00,F0,Aquatic,Unknown,,hsyn-GCaMP6s,,Pleurodeles waltl,AABL1550,good signal,Leucistic,,,
SAL_041,D4,Rack 2,11/11/21 0:00,,Aquatic,Unknown,,WT,LX ,Pleurodeles waltl,AABL1550,LX viral injections,,,,
SAL_042,D4,Rack 2,11/11/21 0:00,,Aquatic,Unknown,,WT,LX ,Pleurodeles waltl,AABL1550,LX viral injections,,,,
SAL_043,D4,Rack 2,11/11/21 0:00,,Aquatic,Unknown,,WT,LX ,Pleurodeles waltl,AABL1550,LX viral injections,,,,
SAL_044,D4,Rack 2,11/11/21 0:00,,Aquatic,Unknown,,WT,LX ,Pleurodeles waltl,AABL1550,LX viral injections,,,,
SAL_045,D4,Rack 2,11/11/21 0:00,,Aquatic,Unknown,,WT,LX ,Pleurodeles waltl,AABL1550,LX viral injections,,,,
SAL_046,D4,Rack 2,11/11/21 0:00,,Aquatic,Unknown,,WT,LX ,Pleurodeles waltl,AABL1550,LX viral injections,,,,
SAL_047,D1,Rack 2,11/10/21 0:00,,Aquatic,Unknown,,WT,AD,Pleurodeles waltl,AABF2564,AD EdU @ St 41,,,,
SAL_048,D1,Rack 2,11/10/21 0:00,,Aquatic,Unknown,,WT,AD,Pleurodeles waltl,AABF2564,AD EdU @ St 41,,,,
SAL_049,D1,Rack 2,11/10/21 0:00,,Aquatic,Unknown,,WT,AD,Pleurodeles waltl,AABF2564,AD EdU @ St 41,,,,
SAL_050,D1,Rack 2,11/10/21 0:00,,Aquatic,Unknown,,WT,AD,Pleurodeles waltl,AABF2564,AD EdU @ St 41,,,,
SAL_051,D1,Rack 2,11/10/21 0:00,,Aquatic,Unknown,,WT,AD,Pleurodeles waltl,AABF2564,AD EdU @ St 41,,,,
SAL_052,D2,Rack 2,11/10/21 0:00,,Aquatic,Unknown,,WT,AD,Pleurodeles waltl,AABF2564,AD EdU @ St 50,,,,
SAL_053,D2,Rack 2,11/10/21 0:00,,Aquatic,Unknown,,WT,AD,Pleurodeles waltl,AABF2564,AD EdU @ St 50,,,,
SAL_054,D2,Rack 2,11/10/21 0:00,,Aquatic,Unknown,,WT,AD,Pleurodeles waltl,AABF2564,AD EdU @ St 50,,,,
SAL_055,D2,Rack 2,11/10/21 0:00,,Aquatic,Unknown,,WT,AD,Pleurodeles waltl,AABF2564,AD EdU @ St 50,,,,
SAL_056,D2,Rack 2,11/10/21 0:00,,Aquatic,Unknown,,WT,AD,Pleurodeles waltl,AABF2564,AD EdU @ St 50,,,,
SAL_057,B4,Rack 2,,,Aquatic,Unknown,,WT,DNE - Fake Placeholder ,Pleurodeles waltl,AABF2564,,,,,
SAL_058,B4,Rack 2,,,Aquatic,Unknown,,WT,DNE - Fake Placeholder ,Pleurodeles waltl,AABF2564,,,,,
SAL_059,B4,Rack 2,,,Aquatic,Unknown,,WT,DNE - Fake Placeholder ,Pleurodeles waltl,AABF2564,,,,,
SAL_060,D2,Rack 2,11/10/21 0:00,,Aquatic,Unknown,,WT,AD,Pleurodeles waltl,AABF2564,AD - EdU @ St 50,,,,
SAL_061,A2,Rack 10,11/11/21 0:00,Terra B,Terrestrial,Unknown,,WT,AMMM,Pleurodeles waltl,AABL1550,"Odor conditioning, other tests, olfnav",,10/7/22 0:00,,
SAL_062,A2,Rack 10,11/11/21 0:00,Terra B,Terrestrial,Unknown,,WT,AMMM,Pleurodeles waltl,AABL1550,"Odor conditioning, other tests, olfnav",,10/7/22 0:00,,
SAL_063,A2,Rack 10,11/11/21 0:00,Terra B,Terrestrial,Unknown,,WT,AMMM,Pleurodeles waltl,AABL1550,"Odor conditioning, other tests, olfnav",,10/7/22 0:00,,
SAL_064,A1,Rack 12,11/11/21 0:00,,Aquatic,Female,,WT,Breeding,Pleurodeles waltl,AABF2564,Mother of 12/10/23,,,,
SAL_065,B1,Rack 12,11/11/21 0:00,,Aquatic,Female,,WT,Breeding,Pleurodeles waltl,AABF2564,,,,,
SAL_066,B1,Rack 12,11/11/21 0:00,,Aquatic,Female,,WT,Breeding,Pleurodeles waltl,AABF2564,,,,,
SAL_067,C1,Rack 12,3/8/21 0:00,F0,Aquatic,Male,,hsyn-GCaMP6s,,Pleurodeles waltl,AABL1550,,,,,
SAL_068,C1,Rack 12,3/8/21 0:00,F0,Aquatic,Male,,hsyn-GCaMP6s,,Pleurodeles waltl,AABL1550,,,,,
SAL_069,C1,Rack 12,11/19/20 0:00,F0,Aquatic,Female,,hsyn-GCaMP6s,,Pleurodeles waltl,AABL1550,Breeders,,,,
SAL_070,C1,Rack 12,11/19/20 0:00,F0,Aquatic,Female,,hsyn-GCaMP6s,,Pleurodeles waltl,AABL1550,Breeders,,,,
SAL_071,B5,Rack 8,11/4/21 0:00,previous Terra D,Reaqua,Unknown,,WT,,Pleurodeles waltl,AABL1550,,,,,Gummy Schedule
SAL_072,B5,Rack 8,11/4/21 0:00,previous Terra D,Reaqua,Unknown,,WT,,Pleurodeles waltl,AABL1550,,,,,Gummy Schedule
SAL_073,B5,Rack 8,11/4/21 0:00,previous Terra D,Reaqua,Unknown,,WT,,Pleurodeles waltl,AABL1550,,,,,Gummy Schedule
SAL_074,A1,Rack 3,2/3/22 0:00,,Aquatic,Unknown,,WT,Breeding,Pleurodeles waltl,AABF2564,,,,,
SAL_075,A1,Rack 3,2/3/22 0:00,,Aquatic,Unknown,,WT,Breeding,Pleurodeles waltl,AABF2564,,,,,
SAL_076,A3,Rack 3,2/3/22 0:00,,Aquatic,Female,,WT,Breeding,Pleurodeles waltl,AABF2564,,,,,
SAL_077,A3,Rack 3,2/3/22 0:00,,Aquatic,Female,,WT,Breeding,Pleurodeles waltl,AABF2564,,,,,
SAL_078,A3,Rack 3,7/5/20 0:00,,Aquatic,Male,,WT,Breeding,Pleurodeles waltl,AABF2564,,,,,
SAL_079,A3,Rack 3,7/5/20 0:00,,Aquatic,Male,,WT,Breeding,Pleurodeles waltl,AABF2564,,,,,
SAL_080,B1,Rack 3,2/23/22 0:00,,Aquatic,Male,,WT,Breeding,Pleurodeles waltl,AABF2564,,,,,
SAL_081,B1,Rack 3,2/23/22 0:00,,Aquatic,Male,,WT,Breeding,Pleurodeles waltl,AABF2564,,,,,
SAL_082,B1,Rack 3,2/23/22 0:00,,Aquatic,Male,,WT,Breeding,Pleurodeles waltl,AABF2564,,,,,
SAL_083,B1,Rack 3,2/23/22 0:00,,Aquatic,Male,,WT,Breeding,Pleurodeles waltl,AABF2564,,,,,
SAL_084,B1,Rack 3,2/23/22 0:00,,Aquatic,Male,,WT,Breeding,Pleurodeles waltl,AABF2564,,,,,
SAL_085,B1,Rack 3,2/23/22 0:00,,Aquatic,Male,,WT,Breeding,Pleurodeles waltl,AABF2564,,,,,
SAL_086,B1,Rack 3,2/23/22 0:00,,Aquatic,Male,,WT,Breeding,Pleurodeles waltl,AABF2564,,,,,
SAL_087,B1,Rack 3,2/23/22 0:00,,Aquatic,Male,,WT,Breeding,Pleurodeles waltl,AABF2564,,,,,
SAL_088,B1,Rack 3,2/23/22 0:00,,Aquatic,Male,,WT,Breeding,Pleurodeles waltl,AABF2564,,,,,
SAL_089,C4,Rack 2,2/23/22 0:00,,Aquatic,Unknown,,WT,,Pleurodeles waltl,AABL1550,LX viral injections,,,,
SAL_090,C4,Rack 2,2/23/22 0:00,,Aquatic,Unknown,,WT,,Pleurodeles waltl,AABL1550,LX viral injections,,,,
SAL_091,C4,Rack 2,2/23/22 0:00,,Aquatic,Unknown,,WT,,Pleurodeles waltl,AABL1550,LX viral injections,,,,
SAL_092,C4,Rack 2,2/23/22 0:00,,Aquatic,Unknown,,WT,,Pleurodeles waltl,AABL1550,LX viral injections,,,,
SAL_093,C4,Rack 2,2/23/22 0:00,,Aquatic,Unknown,,WT,,Pleurodeles waltl,AABL1550,LX viral injections,,,,
SAL_094,D5,Rack 2,2/23/22 0:00,,Aquatic,Unknown,,WT,,Pleurodeles waltl,AABF2564,,,,,
SAL_095,D5,Rack 2,2/23/22 0:00,,Aquatic,Unknown,,WT,,Pleurodeles waltl,AABF2564,,,,,
SAL_096,A3,Rack 12,2/23/22 0:00,,Aquatic,Male,,WT,Breeding,Pleurodeles waltl,AABF2564,,EED,,,
SAL_097,A3,Rack 10,2/23/22 0:00,Terra C,Terrestrial,Unknown,,WT,JW Histology - matched on R8,Pleurodeles waltl,AABL1550,,,6/20/23 0:00,,
SAL_098,A3,Rack 10,2/23/22 0:00,Terra C,Terrestrial,Unknown,,WT,JW Histology - matched on R8,Pleurodeles waltl,AABL1550,,,6/20/23 0:00,,
SAL_099,A3,Rack 10,2/23/22 0:00,Terra C,Terrestrial,Unknown,,WT,JW Histology - matched on R8,Pleurodeles waltl,AABL1550,,,6/20/23 0:00,,
SAL_100,A3,Rack 10,2/23/22 0:00,Terra C,Terrestrial,Unknown,,WT,JW Histology - matched on R8,Pleurodeles waltl,AABL1550,,,6/20/23 0:00,,
SAL_101,A3,Rack 10,2/23/22 0:00,Terra C,Terrestrial,Unknown,,WT,JW Histology - matched on R8,Pleurodeles waltl,AABL1550,,,6/20/23 0:00,,
SAL_102,A1,Rack 11,2/23/22 0:00,Terra L,Terrestrial,Unknown,,WT,,Pleurodeles waltl,AABL1550,,,4/23/25 0:00,,
SAL_103,A1,Rack 11,2/23/22 0:00,Terra L,Terrestrial,Unknown,,WT,,Pleurodeles waltl,AABL1550,,,4/23/25 0:00,,
SAL_104,A1,Rack 11,2/23/22 0:00,Terra L,Terrestrial,Unknown,,WT,,Pleurodeles waltl,AABL1550,,,4/23/25 0:00,,
SAL_105,A1,Rack 11,2/23/22 0:00,Terra L,Terrestrial,Unknown,,WT,,Pleurodeles waltl,AABL1550,,,4/23/25 0:00,,
SAL_106,A1,Rack 11,2/23/22 0:00,Terra L,Terrestrial,Unknown,,WT,,Pleurodeles waltl,AABL1550,,,4/23/25 0:00,,
SAL_107,A1,Rack 11,2/23/22 0:00,Terra L,Terrestrial,Unknown,,WT,,Pleurodeles waltl,AABL1550,,,4/23/25 0:00,,
SAL_108,A3,Rack 11,2/23/22 0:00,Terra N,Terrestrial,Unknown,,WT,,Pleurodeles waltl,AABL1550,,,4/23/25 0:00,,
SAL_109,A3,Rack 11,2/23/22 0:00,Terra N,Terrestrial,Unknown,,WT,,Pleurodeles waltl,AABL1550,,,4/23/25 0:00,,
SAL_110,A3,Rack 11,2/23/22 0:00,Terra N,Terrestrial,Unknown,,WT,,Pleurodeles waltl,AABL1550,,,4/23/25 0:00,,
SAL_111,A3,Rack 11,2/23/22 0:00,Terra N,Terrestrial,Unknown,,WT,,Pleurodeles waltl,AABL1550,,,4/23/25 0:00,,
SAL_112,A3,Rack 11,2/23/22 0:00,Terra N,Terrestrial,Unknown,,WT,,Pleurodeles waltl,AABL1550,,,4/23/25 0:00,,
SAL_113,C2,Rack 8,2/23/22 0:00,Aqua H/K,Aquatic,Unknown,,WT,,Pleurodeles waltl,AABL1550,,,,,Gummy Schedule
SAL_114,C2,Rack 8,2/23/22 0:00,Aqua H/K,Aquatic,Unknown,,WT,,Pleurodeles waltl,AABL1550,,,,,Gummy Schedule
SAL_115,C2,Rack 8,2/23/22 0:00,Aqua H/K,Aquatic,Unknown,,WT,,Pleurodeles waltl,AABL1550,,,,,Gummy Schedule
SAL_116,C2,Rack 8,2/23/22 0:00,Aqua H/K,Aquatic,Unknown,,WT,,Pleurodeles waltl,AABL1550,,,,,Gummy Schedule
SAL_117,C2,Rack 8,2/23/22 0:00,Aqua H/K,Aquatic,Unknown,,WT,,Pleurodeles waltl,AABL1550,,,,,Gummy Schedule
SAL_118,C3,Rack 8,2/23/22 0:00,Aqua H/K,Aquatic,Unknown,,WT,JW Multiome,Pleurodeles waltl,AABL1550,,,,,Gummy Schedule
SAL_119,C3,Rack 8,2/23/22 0:00,Aqua H/K,Aquatic,Unknown,,WT,JW Multiome,Pleurodeles waltl,AABL1550,,,,,Gummy Schedule
SAL_120,C5,Rack 8,2/23/22 0:00,Aqua C',Aquatic,Unknown,,WT,JW,Pleurodeles waltl,AABL1550,,,,,Gummy Schedule
SAL_121,C5,Rack 8,2/23/22 0:00,Aqua C',Aquatic,Unknown,,WT,JW,Pleurodeles waltl,AABL1550,,,,,Gummy Schedule
SAL_122,C5,Rack 8,2/23/22 0:00,Aqua C',Aquatic,Unknown,,WT,JW,Pleurodeles waltl,AABL1550,,,,,Gummy Schedule
SAL_123,C5,Rack 8,2/23/22 0:00,Aqua C',Aquatic,Unknown,,WT,JW,Pleurodeles waltl,AABL1550,,,,,Gummy Schedule
SAL_124,B3,Rack 2,3/29/22 0:00,F1,Aquatic,Unknown,,hsyn-Cre,,Pleurodeles waltl,AABF2564,genotyped +,,,,
SAL_125,B3,Rack 2,3/29/22 0:00,F1,Aquatic,Unknown,,hsyn-Cre,,Pleurodeles waltl,AABF2564,genotyped +,,,,
SAL_126,B3,Rack 2,3/29/22 0:00,F1,Aquatic,Unknown,,hsyn-Cre,,Pleurodeles waltl,AABF2564,genotyped +,,,,
SAL_127,B3,Rack 2,3/29/22 0:00,F1,Aquatic,Unknown,,hsyn-Cre,,Pleurodeles waltl,AABF2564,genotyped +,,,,
SAL_128,B3,Rack 2,3/29/22 0:00,F1,Aquatic,Unknown,,hsyn-Cre,,Pleurodeles waltl,AABF2564,genotyped +,,,,
SAL_129,C1,Rack 2,3/1/23 0:00,,Aquatic,Unknown,,WT,ECJ,Pleurodeles waltl,AABL1550,ECJ - Viral CAG G8s,,,,
SAL_130,C1,Rack 2,3/30/22 0:00,F1,Aquatic,Unknown,,hsyn-GCaMP6s,ECJ,Pleurodeles waltl,AABL1550,,,,,
SAL_131,C5,Rack 2,3/29/22 0:00,F1,Aquatic,Unknown,,hsyn-Cre,,Pleurodeles waltl,AABF2564,genotyped +,,,,
SAL_132,C5,Rack 2,3/29/22 0:00,F1,Aquatic,Unknown,,hsyn-Cre,,Pleurodeles waltl,AABF2564,genotyped +,,,,
SAL_133,C5,Rack 2,3/29/22 0:00,F1,Aquatic,Unknown,,hsyn-Cre,,Pleurodeles waltl,AABF2564,genotyped +,,,,
SAL_134,C5,Rack 2,3/29/22 0:00,F1,Aquatic,Unknown,,hsyn-Cre,,Pleurodeles waltl,AABF2564,genotyped +,,,,
SAL_135,C5,Rack 2,3/29/22 0:00,F1,Aquatic,Unknown,,hsyn-Cre,,Pleurodeles waltl,AABF2564,genotyped +,,,,
SAL_136,C5,Rack 2,3/29/22 0:00,F1,Aquatic,Unknown,,hsyn-Cre,,Pleurodeles waltl,AABF2564,genotyped +,,,,
SAL_137,C5,Rack 2,3/29/22 0:00,F1,Aquatic,Unknown,,hsyn-Cre,,Pleurodeles waltl,AABF2564,genotyped +,,,,
SAL_138,D4,Rack 4,3/21/22 0:00,,Aquatic,Unknown,,WT,DNE - Fake Placeholder ,Pleurodeles waltl,AABI2617,,,,,
SAL_139,D4,Rack 4,3/21/22 0:00,,Aquatic,Unknown,,WT,,Pleurodeles waltl,AABI2617,TC - limb regeneration,,,,
SAL_140,D4,Rack 4,3/21/22 0:00,,Aquatic,Unknown,,WT,,Pleurodeles waltl,AABI2617,TC - limb regeneration,,,,
SAL_141,D4,Rack 4,3/21/22 0:00,,Aquatic,Unknown,,WT,,Pleurodeles waltl,AABI2617,TC - limb regeneration,,,,
SAL_142,D4,Rack 4,3/21/22 0:00,,Aquatic,Unknown,,WT,,Pleurodeles waltl,AABI2617,TC - limb regeneration,,,,
SAL_143,B2,Rack 11,3/21/22 0:00,Terra Q,Terrestrial,Unknown,,WT,,Pleurodeles waltl,AABL1550,,,4/3/25 0:00,,Gummy Schedule
SAL_144,B2,Rack 11,3/21/22 0:00,Terra Q,Terrestrial,Unknown,,WT,,Pleurodeles waltl,AABL1550,,,4/3/25 0:00,,Gummy Schedule
SAL_145,B2,Rack 11,3/21/22 0:00,Terra Q,Terrestrial,Unknown,,WT,,Pleurodeles waltl,AABL1550,,,4/3/25 0:00,,Gummy Schedule
SAL_146,B2,Rack 11,3/21/22 0:00,Terra Q,Terrestrial,Unknown,,WT,,Pleurodeles waltl,AABL1550,,,4/3/25 0:00,,Gummy Schedule
SAL_147,B2,Rack 11,3/21/22 0:00,Terra Q,Terrestrial,Unknown,,WT,,Pleurodeles waltl,AABL1550,,,4/3/25 0:00,,Gummy Schedule
SAL_148,B2,Rack 11,3/21/22 0:00,Terra Q,Terrestrial,Unknown,,WT,,Pleurodeles waltl,AABL1550,,,4/3/25 0:00,,Gummy Schedule
SAL_149,A2,Rack 8,3/16/22 0:00,,Aquatic,Unknown,,WT,,Pleurodeles waltl,AABF2564,,,,,Gummy Schedule
SAL_150,A2,Rack 8,3/16/22 0:00,,Aquatic,Unknown,,WT,,Pleurodeles waltl,AABF2564,,,,,Gummy Schedule
SAL_151,A3,Rack 8,3/16/22 0:00,,Aquatic,Unknown,,WT,,Pleurodeles waltl,AABF2564,,,,,Gummy Schedule
SAL_152,A3,Rack 8,3/16/22 0:00,,Aquatic,Unknown,,WT,,Pleurodeles waltl,AABF2564,,,,,Gummy Schedule
SAL_153,A3,Rack 8,3/16/22 0:00,,Aquatic,Unknown,,WT,,Pleurodeles waltl,AABF2564,,,,,Gummy Schedule
SAL_154,A4,Rack 8,3/16/22 0:00,,Aquatic,Unknown,,WT,,Pleurodeles waltl,AABL1550,Viral G8s Flex ECJ,,,,Gummy Schedule
SAL_155,C4,Rack 8,3/21/22 0:00,,Aquatic,Male,,WT,LX - St Jude,Pleurodeles waltl,AABL1550,,,,,Gummy Schedule
SAL_156,C4,Rack 8,3/21/22 0:00,,Aquatic,Male,,WT,LX - St Jude,Pleurodeles waltl,AABL1550,,,,,Gummy Schedule
SAL_157,C4,Rack 8,3/21/22 0:00,,Aquatic,Male,,WT,LX - St Jude,Pleurodeles waltl,AABL1550,,,,,Gummy Schedule
SAL_158,C4,Rack 8,3/21/22 0:00,,Aquatic,Male,,WT,LX - St Jude,Pleurodeles waltl,AABL1550,,,,,Gummy Schedule
SAL_159,D2,Rack 8,5/4/22 0:00,,Aquatic,Unknown,,WT,,Pleurodeles waltl,AABL1550,,,,,Gummy Schedule
SAL_160,D2,Rack 8,5/4/22 0:00,,Aquatic,Unknown,,WT,,Pleurodeles waltl,AABL1550,,,,,Gummy Schedule
SAL_161,D2,Rack 8,5/4/22 0:00,,Aquatic,Unknown,,WT,,Pleurodeles waltl,AABL1550,,,,,Gummy Schedule
SAL_162,D2,Rack 8,5/4/22 0:00,,Aquatic,Unknown,,WT,,Pleurodeles waltl,AABL1550,,,,,Gummy Schedule
SAL_163,D2,Rack 8,5/4/22 0:00,,Aquatic,Unknown,,WT,,Pleurodeles waltl,AABL1550,,,,,Gummy Schedule
SAL_164,D2,Rack 8,5/4/22 0:00,,Aquatic,Unknown,,WT,,Pleurodeles waltl,AABL1550,,,,,Gummy Schedule
SAL_165,D5,Rack 8,3/21/22 0:00,,Reaqua,Unknown,,WT,,Pleurodeles waltl,AABL1550,,,1/10/22 0:00,,Gummy Schedule
SAL_166,D5,Rack 8,3/21/22 0:00,,Reaqua,Unknown,,WT,,Pleurodeles waltl,AABL1550,,,1/10/22 0:00,,Gummy Schedule
SAL_167,D5,Rack 8,3/21/22 0:00,,Reaqua,Unknown,,WT,,Pleurodeles waltl,AABL1550,,,1/10/22 0:00,,Gummy Schedule
SAL_168,D5,Rack 8,3/21/22 0:00,,Reaqua,Unknown,,WT,,Pleurodeles waltl,AABL1550,,,1/10/22 0:00,,Gummy Schedule
SAL_169,D5,Rack 8,3/21/22 0:00,,Reaqua,Unknown,,WT,,Pleurodeles waltl,AABL1550,,,1/10/22 0:00,,Gummy Schedule
SAL_170,A4,Rack 2,2/2/23 0:00,,Aquatic,Unknown,,WT,ECJ,Pleurodeles waltl,AABL1550,PHP CAG G8s ECJ,,,,
SAL_171,A5,Rack 2,1/14/23 0:00,,Aquatic,Unknown,,hsyn-GCaMP6s,Priority to use ,Pleurodeles waltl,AABL1550,low signal/inconclusive/1 is soma G7s,,,,
SAL_172,A5,Rack 2,1/14/23 0:00,,Aquatic,Unknown,,hsyn-GCaMP6s,Priority to use ,Pleurodeles waltl,AABL1550,low signal/inconclusive/1 is soma G7s,,,,
SAL_173,A5,Rack 2,1/14/23 0:00,,Aquatic,Unknown,,hsyn-GCaMP6s,Priority to use ,Pleurodeles waltl,AABL1550,low signal/inconclusive/1 is soma G7s,,,,
SAL_174,B2,Rack 2,1/14/23 0:00,,Aquatic,Unknown,,WT,,Pleurodeles waltl,AABL1550,Craniotomy Leucistic; Viral PHPeB CAG G8s,,,,
SAL_175,B2,Rack 2,1/14/23 0:00,,Aquatic,Unknown,,hsyn-GCaMP6s,,Pleurodeles waltl,AABL1550,Craniotomy,,,,
SAL_176,D3,Rack 2,2/2/23 0:00,EdU,Aquatic,Unknown,,WT,AD,Pleurodeles waltl,AABF2564,"AD EdU @ St 55a, 1 WT mixed in ",,,,
SAL_177,D3,Rack 2,2/2/23 0:00,EdU,Aquatic,Unknown,,WT,AD,Pleurodeles waltl,AABF2564,"AD EdU @ St 55a, 1 WT mixed in ",,,,
SAL_178,D3,Rack 2,2/2/23 0:00,EdU,Aquatic,Unknown,,WT,AD,Pleurodeles waltl,AABF2564,"AD EdU @ St 55a, 1 WT mixed in ",,,,
SAL_179,C3,Rack 3,1/13/23 0:00,,Aquatic,Unknown,,WT,Breeding,Pleurodeles waltl,AABL1550,Leucistic,,,,
SAL_180,C3,Rack 3,1/13/23 0:00,,Aquatic,Unknown,,WT,Breeding,Pleurodeles waltl,AABL1550,Leucistic,,,,
SAL_181,C3,Rack 3,11/11/21 0:00,,Aquatic,Unknown,,WT,,Pleurodeles waltl,AABL1550,Craniotomy Test LX,,,,
SAL_182,A4,Rack 4,2/2/23 0:00,,Aquatic,Unknown,,WT,,Pleurodeles waltl,AABF2564,,,,,
SAL_183,A4,Rack 4,2/2/23 0:00,,Aquatic,Unknown,,WT,,Pleurodeles waltl,AABF2564,,,,,
SAL_184,A4,Rack 4,2/2/23 0:00,,Aquatic,Unknown,,WT,,Pleurodeles waltl,AABF2564,,,,,
SAL_185,A5,Rack 4,2/2/23 0:00,,Aquatic,Unknown,,WT,,Pleurodeles waltl,AABF2564,,,,,
SAL_186,A5,Rack 4,2/2/23 0:00,,Aquatic,Unknown,,WT,,Pleurodeles waltl,AABF2564,,,,,
SAL_187,A5,Rack 4,2/2/23 0:00,,Aquatic,Unknown,,WT,,Pleurodeles waltl,AABF2564,,,,,
SAL_188,A5,Rack 4,2/2/23 0:00,,Aquatic,Unknown,,WT,,Pleurodeles waltl,AABF2564,,,,,
SAL_189,A5,Rack 4,2/2/23 0:00,,Aquatic,Unknown,,WT,,Pleurodeles waltl,AABF2564,,,,,
SAL_190,C5,Rack 4,1/14/23 0:00,Viral,Aquatic,Unknown,,WT,,Pleurodeles waltl,AABL1550,Viral PHPeB CAG G8s LX,,,,
SAL_191,C5,Rack 4,1/14/23 0:00,Viral,Aquatic,Unknown,,WT,,Pleurodeles waltl,AABL1550,Viral PHPeB CAG G8s LX,,,,
SAL_192,C5,Rack 4,1/14/23 0:00,Viral,Aquatic,Unknown,,WT,,Pleurodeles waltl,AABL1550,Viral PHPeB CAG G8s LX,,,,
SAL_193,C5,Rack 4,1/14/23 0:00,Viral,Aquatic,Unknown,,WT,,Pleurodeles waltl,AABL1550,Viral PHPeB CAG G8s LX,,,,
SAL_194,B1,Rack 11,1/13/23 0:00,Terra P,Terrestrial,Unknown,,WT,,Pleurodeles waltl,AABL1550,,,4/3/25 0:00,,
SAL_195,B1,Rack 11,1/13/23 0:00,Terra P,Terrestrial,Unknown,,WT,,Pleurodeles waltl,AABL1550,,,4/3/25 0:00,,
SAL_196,B1,Rack 11,1/13/23 0:00,Terra P,Terrestrial,Unknown,,WT,,Pleurodeles waltl,AABL1550,,,4/3/25 0:00,,
SAL_197,B1,Rack 11,1/13/23 0:00,Terra P,Terrestrial,Unknown,,WT,,Pleurodeles waltl,AABL1550,,,4/3/25 0:00,,
SAL_198,B1,Rack 11,1/13/23 0:00,Terra P,Terrestrial,Unknown,,WT,,Pleurodeles waltl,AABL1550,,,4/3/25 0:00,,
SAL_199,B1,Rack 11,1/13/23 0:00,Terra P,Terrestrial,Unknown,,WT,,Pleurodeles waltl,AABL1550,,,4/3/25 0:00,,
SAL_200,B4,Rack 8,2/2/23 0:00,,Aquatic,Unknown,,WT,,Pleurodeles waltl,AABL1550,,,,,
SAL_201,B4,Rack 8,2/2/23 0:00,,Aquatic,Unknown,,WT,,Pleurodeles waltl,AABL1550,,,,,
SAL_202,B4,Rack 8,2/2/23 0:00,,Aquatic,Unknown,,WT,,Pleurodeles waltl,AABL1550,,,,,
SAL_203,B4,Rack 8,2/2/23 0:00,,Aquatic,Unknown,,WT,,Pleurodeles waltl,AABL1550,,,,,
SAL_204,A1,Rack 4,8/5/23 0:00,,Aquatic,Female,,WT,LX St Jude,Pleurodeles waltl,AABL1550,,,,,
SAL_205,A1,Rack 4,8/5/23 0:00,,Aquatic,Female,,WT,LX St Jude,Pleurodeles waltl,AABL1550,,,,,
SAL_206,A1,Rack 4,8/5/23 0:00,,Aquatic,Female,,WT,LX St Jude,Pleurodeles waltl,AABL1550,,,,,
SAL_207,A2,Rack 4,7/30/23 0:00,,Aquatic,Unknown,,WT,,Pleurodeles waltl,AABF2564,,,,,
SAL_208,A2,Rack 4,7/30/23 0:00,,Aquatic,Unknown,,WT,,Pleurodeles waltl,AABF2564,,,,,
SAL_209,A2,Rack 4,7/30/23 0:00,,Aquatic,Unknown,,WT,,Pleurodeles waltl,AABF2564,,,,,
SAL_210,A2,Rack 4,7/30/23 0:00,,Aquatic,Unknown,,WT,,Pleurodeles waltl,AABF2564,,,,,
SAL_211,A2,Rack 4,7/30/23 0:00,,Aquatic,Unknown,,WT,,Pleurodeles waltl,AABF2564,,,,,
SAL_212,C3,Rack 4,8/7/23 0:00,Viral,Aquatic,Unknown,,WT,ECJ,Pleurodeles waltl,AABL1550,ECJ Viral PHPeB CAG G8s,,,,
SAL_213,C3,Rack 4,8/7/23 0:00,Viral,Aquatic,Unknown,,WT,ECJ,Pleurodeles waltl,AABL1550,ECJ Viral PHPeB CAG G8s,,,,
SAL_214,C3,Rack 4,8/7/23 0:00,Viral,Aquatic,Unknown,,WT,ECJ,Pleurodeles waltl,AABL1550,ECJ Viral PHPeB CAG G8s,,,,
SAL_215,C3,Rack 4,8/7/23 0:00,Viral,Aquatic,Unknown,,WT,ECJ,Pleurodeles waltl,AABL1550,ECJ Viral PHPeB CAG G8s,,,,
SAL_216,C3,Rack 4,8/7/23 0:00,Viral,Aquatic,Unknown,,WT,ECJ,Pleurodeles waltl,AABL1550,ECJ Viral PHPeB CAG G8s,,,,
SAL_217,C4,Rack 4,7/21/23 0:00,Viral,Aquatic,Unknown,,WT,ECJ,Pleurodeles waltl,AABL1550,ECJ Viral PHPeB CAG G8s,,,,
SAL_218,C4,Rack 4,7/21/23 0:00,Viral,Aquatic,Unknown,,WT,ECJ,Pleurodeles waltl,AABL1550,ECJ Viral PHPeB CAG G8s,,,,
SAL_219,C4,Rack 4,7/21/23 0:00,Viral,Aquatic,Unknown,,WT,ECJ,Pleurodeles waltl,AABL1550,ECJ Viral PHPeB CAG G8s,,,,
SAL_220,C4,Rack 4,7/21/23 0:00,Viral,Aquatic,Unknown,,WT,ECJ,Pleurodeles waltl,AABL1550,ECJ Viral PHPeB CAG G8s,,,,
SAL_221,C4,Rack 4,7/21/23 0:00,Viral,Aquatic,Unknown,,WT,ECJ,Pleurodeles waltl,AABL1550,ECJ Viral PHPeB CAG G8s,,,,
SAL_222,C5,Rack 6,7/21/23 0:00,,Aquatic,Unknown,,WT,,Pleurodeles waltl,AABF2564,,,,,
SAL_223,C5,Rack 6,7/21/23 0:00,,Aquatic,Unknown,,WT,,Pleurodeles waltl,AABF2564,,,,,
SAL_224,B1,Rack 10,11/24/23 0:00,Terra E ,Terrestrial,Unknown,F1,hsyn-GCaMP6s,TS ECJ Imaging,Pleurodeles waltl,AABL1550,,,11/12/24 0:00,,Gummy Schedule
SAL_225,B1,Rack 10,11/24/23 0:00,Terra E ,Terrestrial,Unknown,F1,hsyn-GCaMP6s,TS ECJ Imaging,Pleurodeles waltl,AABL1550,,,11/12/24 0:00,,Gummy Schedule
SAL_226,B1,Rack 10,11/24/23 0:00,Terra E ,Terrestrial,Unknown,F1,hsyn-GCaMP6s,TS ECJ Imaging,Pleurodeles waltl,AABL1550,,,11/12/24 0:00,,Gummy Schedule
SAL_227,B1,Rack 10,11/24/23 0:00,Terra E ,Terrestrial,Unknown,F1,hsyn-GCaMP6s,TS ECJ Imaging,Pleurodeles waltl,AABL1550,,,11/12/24 0:00,,Gummy Schedule
SAL_228,B1,Rack 10,11/24/23 0:00,Terra E ,Terrestrial,Unknown,F1,hsyn-GCaMP6s,TS ECJ Imaging,Pleurodeles waltl,AABL1550,,,11/12/24 0:00,,Gummy Schedule
SAL_229,B1,Rack 10,11/24/23 0:00,Terra E ,Terrestrial,Unknown,F1,hsyn-GCaMP6s,TS ECJ Imaging,Pleurodeles waltl,AABL1550,,,11/12/24 0:00,,Gummy Schedule
SAL_230,B1,Rack 10,11/24/23 0:00,Terra E ,Terrestrial,Unknown,F1,hsyn-GCaMP6s,TS ECJ Imaging,Pleurodeles waltl,AABL1550,,,11/12/24 0:00,,Gummy Schedule
SAL_231,B1,Rack 10,11/24/23 0:00,Terra E ,Terrestrial,Unknown,F1,hsyn-GCaMP6s,TS ECJ Imaging,Pleurodeles waltl,AABL1550,,,11/12/24 0:00,,Gummy Schedule
SAL_232,B2,Rack 10,11/24/23 0:00,Terra F,Terrestrial,Unknown,F1,hsyn-GCaMP6s,TS ECJ Imaging,Pleurodeles waltl,AABL1550,,,12/5/24 0:00,,Gummy Schedule
SAL_233,B2,Rack 10,11/24/23 0:00,Terra F,Terrestrial,Unknown,F1,hsyn-GCaMP6s,TS ECJ Imaging,Pleurodeles waltl,AABL1550,,,12/5/24 0:00,,Gummy Schedule
SAL_234,B2,Rack 10,11/24/23 0:00,Terra F,Terrestrial,Unknown,F1,hsyn-GCaMP6s,TS ECJ Imaging,Pleurodeles waltl,AABL1550,,,12/5/24 0:00,,Gummy Schedule
SAL_235,B3,Rack 10,12/9/23 0:00,Terra G,Terrestrial,Unknown,,WT,AMMM JW ,Pleurodeles waltl,AABL1550,,,7/30/24 0:00,,Gummy Schedule
SAL_236,B3,Rack 10,12/9/23 0:00,Terra G,Terrestrial,Unknown,,WT,AMMM JW ,Pleurodeles waltl,AABL1550,,,7/30/24 0:00,,Gummy Schedule
SAL_237,B3,Rack 10,12/9/23 0:00,Terra G,Terrestrial,Unknown,,WT,AMMM JW ,Pleurodeles waltl,AABL1550,,,7/30/24 0:00,,Gummy Schedule
SAL_238,B3,Rack 10,12/9/23 0:00,Terra G,Terrestrial,Unknown,,WT,AMMM JW ,Pleurodeles waltl,AABL1550,,,7/30/24 0:00,,Gummy Schedule
SAL_239,B3,Rack 10,12/9/23 0:00,Terra G,Terrestrial,Unknown,,WT,AMMM JW ,Pleurodeles waltl,AABL1550,,,7/30/24 0:00,,Gummy Schedule
SAL_240,B3,Rack 10,12/9/23 0:00,Terra G,Terrestrial,Unknown,,WT,AMMM JW ,Pleurodeles waltl,AABL1550,,,7/30/24 0:00,,Gummy Schedule
SAL_241,B4,Rack 10,12/9/23 0:00,Terra H,Terrestrial,Unknown,,WT,AMMM JW ,Pleurodeles waltl,AABL1550,,,7/30/24 0:00,,Gummy Schedule
SAL_242,B4,Rack 10,12/9/23 0:00,Terra H,Terrestrial,Unknown,,WT,AMMM JW ,Pleurodeles waltl,AABL1550,,,7/30/24 0:00,,Gummy Schedule
SAL_243,B4,Rack 10,12/9/23 0:00,Terra H,Terrestrial,Unknown,,WT,AMMM JW ,Pleurodeles waltl,AABL1550,,,7/30/24 0:00,,Gummy Schedule
SAL_244,B4,Rack 10,12/9/23 0:00,Terra H,Terrestrial,Unknown,,WT,AMMM JW ,Pleurodeles waltl,AABL1550,,,7/30/24 0:00,,Gummy Schedule
SAL_245,B4,Rack 10,12/9/23 0:00,Terra H,Terrestrial,Unknown,,WT,AMMM JW ,Pleurodeles waltl,AABL1550,,,7/30/24 0:00,,Gummy Schedule
SAL_246,C2,Rack 10,12/9/23 0:00,Terra K,Terrestrial,Unknown,,WT,AMMM JW ,Pleurodeles waltl,AABL1550,,,7/30/24 0:00,,Gummy Schedule
SAL_247,C2,Rack 10,12/9/23 0:00,Terra K,Terrestrial,Unknown,,WT,AMMM JW ,Pleurodeles waltl,AABL1550,,,7/30/24 0:00,,Gummy Schedule
SAL_248,C2,Rack 10,12/9/23 0:00,Terra K,Terrestrial,Unknown,,WT,AMMM JW ,Pleurodeles waltl,AABL1550,,,7/30/24 0:00,,Gummy Schedule
SAL_249,C2,Rack 10,12/9/23 0:00,Terra K,Terrestrial,Unknown,,WT,AMMM JW ,Pleurodeles waltl,AABL1550,,,7/30/24 0:00,,Gummy Schedule
SAL_250,C2,Rack 10,12/9/23 0:00,Terra K,Terrestrial,Unknown,,WT,AMMM JW ,Pleurodeles waltl,AABL1550,,,7/30/24 0:00,,Gummy Schedule
SAL_251,C3,Rack 10,12/9/23 0:00,Terra I,Terrestrial,Unknown,,WT,AMMM JW ,Pleurodeles waltl,AABL1550,,,7/30/24 0:00,,Gummy Schedule
SAL_252,C3,Rack 10,12/9/23 0:00,Terra I,Terrestrial,Unknown,,WT,AMMM JW ,Pleurodeles waltl,AABL1550,,,7/30/24 0:00,,Gummy Schedule
SAL_253,C3,Rack 10,12/9/23 0:00,Terra I,Terrestrial,Unknown,,WT,AMMM JW ,Pleurodeles waltl,AABL1550,,,7/30/24 0:00,,Gummy Schedule
SAL_254,C3,Rack 10,12/9/23 0:00,Terra I,Terrestrial,Unknown,,WT,AMMM JW ,Pleurodeles waltl,AABL1550,,,7/30/24 0:00,,Gummy Schedule
SAL_255,C3,Rack 10,12/9/23 0:00,Terra I,Terrestrial,Unknown,,WT,AMMM JW ,Pleurodeles waltl,AABL1550,,,7/30/24 0:00,,Gummy Schedule
SAL_256,C4,Rack 10,11/24/23 0:00,Terra J,Terrestrial,Unknown,F1,hsyn-GCaMP6s,ECJ TS Imaging,Pleurodeles waltl,AABL1550,,,,,Gummy Schedule
SAL_257,C4,Rack 10,11/24/23 0:00,Terra J,Terrestrial,Unknown,F1,hsyn-GCaMP6s,ECJ TS Imaging,Pleurodeles waltl,AABL1550,,,,,Gummy Schedule
SAL_258,C4,Rack 10,11/24/23 0:00,Terra J,Terrestrial,Unknown,F1,hsyn-GCaMP6s,ECJ TS Imaging,Pleurodeles waltl,AABL1550,,,,,Gummy Schedule
SAL_259,C4,Rack 10,11/24/23 0:00,Terra J,Terrestrial,Unknown,F1,hsyn-GCaMP6s,ECJ TS Imaging,Pleurodeles waltl,AABL1550,,,,,Gummy Schedule
SAL_260,C4,Rack 10,11/24/23 0:00,Terra J,Terrestrial,Unknown,F1,hsyn-GCaMP6s,ECJ TS Imaging,Pleurodeles waltl,AABL1550,,,,,Gummy Schedule
SAL_261,C4,Rack 10,11/24/23 0:00,Terra J,Terrestrial,Unknown,F1,hsyn-GCaMP6s,ECJ TS Imaging,Pleurodeles waltl,AABL1550,,,,,Gummy Schedule
SAL_262,B1,Rack 4,4/15/24 0:00,Trackerseq,Aquatic,Unknown,,WT,AD High Signal ,Pleurodeles waltl,AABF2564,AD Trackerseq high signal,,,,
SAL_263,B1,Rack 4,4/15/24 0:00,Trackerseq,Aquatic,Unknown,,WT,AD High Signal ,Pleurodeles waltl,AABF2564,AD Trackerseq high signal,,,,
SAL_264,B1,Rack 4,4/15/24 0:00,Trackerseq,Aquatic,Unknown,,WT,AD High Signal ,Pleurodeles waltl,AABF2564,AD Trackerseq high signal,,,,
SAL_265,B1,Rack 4,4/15/24 0:00,Trackerseq,Aquatic,Unknown,,WT,AD High Signal ,Pleurodeles waltl,AABF2564,AD Trackerseq high signal,,,,
SAL_266,B4,Rack 4,12/9/23 0:00,Viral,Aquatic,Unknown,,WT,,Pleurodeles waltl,AABL1550,LX PHPeB CAG G8s Viral,,,,
SAL_267,B4,Rack 4,12/9/23 0:00,Viral,Aquatic,Unknown,,WT,,Pleurodeles waltl,AABL1550,LX PHPeB CAG G8s Viral,,,,
SAL_268,B4,Rack 4,12/9/23 0:00,Viral,Aquatic,Unknown,,WT,,Pleurodeles waltl,AABL1550,LX PHPeB CAG G8s Viral,,,,
SAL_269,B4,Rack 4,12/9/23 0:00,Viral,Aquatic,Unknown,,WT,,Pleurodeles waltl,AABL1550,LX PHPeB CAG G8s Viral,,,,
SAL_270,B4,Rack 4,12/9/23 0:00,Viral,Aquatic,Unknown,,WT,,Pleurodeles waltl,AABL1550,LX PHPeB CAG G8s Viral,,,,
SAL_271,B4,Rack 4,12/9/23 0:00,Viral,Aquatic,Unknown,,WT,,Pleurodeles waltl,AABL1550,LX PHPeB CAG G8s Viral,,,,
SAL_272,B4,Rack 4,12/9/23 0:00,Viral,Aquatic,Unknown,,WT,,Pleurodeles waltl,AABL1550,LX PHPeB CAG G8s Viral,,,,
SAL_273,B5,Rack 4,12/10/23 0:00,Viral,Aquatic,Unknown,,WT,,Pleurodeles waltl,AABL1550,LX PHPeB CAG G8s Viral,,,,
SAL_274,B5,Rack 4,12/10/23 0:00,Viral,Aquatic,Unknown,,WT,,Pleurodeles waltl,AABL1550,LX PHPeB CAG G8s Viral,,,,
SAL_275,B5,Rack 4,12/10/23 0:00,Viral,Aquatic,Unknown,,WT,,Pleurodeles waltl,AABL1550,LX PHPeB CAG G8s Viral,,,,
SAL_276,B5,Rack 4,12/10/23 0:00,Viral,Aquatic,Unknown,,WT,,Pleurodeles waltl,AABL1550,LX PHPeB CAG G8s Viral,,,,
SAL_277,B5,Rack 4,12/10/23 0:00,Viral,Aquatic,Unknown,,WT,,Pleurodeles waltl,AABL1550,LX PHPeB CAG G8s Viral,,,,
SAL_278,B5,Rack 4,12/10/23 0:00,Viral,Aquatic,Unknown,,WT,,Pleurodeles waltl,AABL1550,LX PHPeB CAG G8s Viral,,,,
SAL_279,C2,Rack 4,12/9/23 0:00,,Aquatic,Unknown,,WT,Breeding,Pleurodeles waltl,AABF2564,,,,,
SAL_280,C2,Rack 4,12/9/23 0:00,,Aquatic,Unknown,,WT,Breeding,Pleurodeles waltl,AABF2564,,,,,
SAL_281,C2,Rack 4,12/9/23 0:00,,Aquatic,Unknown,,WT,Breeding,Pleurodeles waltl,AABF2564,,,,,
SAL_282,C2,Rack 4,12/9/23 0:00,,Aquatic,Unknown,,WT,Breeding,Pleurodeles waltl,AABF2564,,,,,
SAL_283,C2,Rack 4,12/9/23 0:00,,Aquatic,Unknown,,WT,Breeding,Pleurodeles waltl,AABF2564,,,,,
SAL_284,C2,Rack 4,12/9/23 0:00,,Aquatic,Unknown,,WT,Breeding,Pleurodeles waltl,AABF2564,,,,,
SAL_285,A2,Rack 11,11/24/23 0:00,Terra M,Terrestrial,Unknown,,WT,JW Histology,Pleurodeles waltl,AABL1550,,,4/3/25 0:00,,Gummy Schedule
SAL_286,A2,Rack 11,11/24/23 0:00,Terra M,Terrestrial,Unknown,,WT,JW Histology,Pleurodeles waltl,AABL1550,,,4/3/25 0:00,,Gummy Schedule
SAL_287,A2,Rack 11,11/24/23 0:00,Terra M,Terrestrial,Unknown,,WT,JW Histology,Pleurodeles waltl,AABL1550,,,4/3/25 0:00,,Gummy Schedule
SAL_288,A2,Rack 11,11/24/23 0:00,Terra M,Terrestrial,Unknown,,WT,JW Histology,Pleurodeles waltl,AABL1550,,,4/3/25 0:00,,Gummy Schedule
SAL_289,A2,Rack 11,11/24/23 0:00,Terra M,Terrestrial,Unknown,,WT,JW Histology,Pleurodeles waltl,AABL1550,,,4/3/25 0:00,,Gummy Schedule
SAL_290,A4,Rack 11,12/9/23 0:00,Terra O,Terrestrial,Unknown,F1,hsyn-GCaMP6s,ECJ TS Imaging,Pleurodeles waltl,AABL1550,,,7/15/24 0:00,,Gummy Schedule
SAL_291,A4,Rack 11,12/9/23 0:00,Terra O,Terrestrial,Unknown,F1,hsyn-GCaMP6s,ECJ TS Imaging,Pleurodeles waltl,AABL1550,,,7/15/24 0:00,,Gummy Schedule
SAL_292,A4,Rack 11,12/9/23 0:00,Terra O,Terrestrial,Unknown,F1,hsyn-GCaMP6s,ECJ TS Imaging,Pleurodeles waltl,AABL1550,,,7/15/24 0:00,,Gummy Schedule
SAL_293,B3,Rack 11,11/24/23 0:00,Terra R,Terrestrial,Unknown,,WT,ECJ TS TY Rotation,Pleurodeles waltl,AABL1550,ECJ 1 day behavior,,12/11/24 0:00,,Gummy Schedule
SAL_294,B3,Rack 11,11/24/23 0:00,Terra R,Terrestrial,Unknown,,WT,ECJ TS TY Rotation,Pleurodeles waltl,AABL1550,ECJ 1 day behavior,,12/11/24 0:00,,Gummy Schedule
SAL_295,B3,Rack 11,11/24/23 0:00,Terra R,Terrestrial,Unknown,,WT,ECJ TS TY Rotation,Pleurodeles waltl,AABL1550,ECJ 1 day behavior,,12/11/24 0:00,,Gummy Schedule
SAL_296,B3,Rack 11,11/24/23 0:00,Terra R,Terrestrial,Unknown,,WT,ECJ TS TY Rotation,Pleurodeles waltl,AABL1550,ECJ 1 day behavior,,12/11/24 0:00,,Gummy Schedule
SAL_297,B3,Rack 11,11/24/23 0:00,Terra R,Terrestrial,Unknown,,WT,ECJ TS TY Rotation,Pleurodeles waltl,AABL1550,ECJ 1 day behavior,,12/11/24 0:00,,Gummy Schedule
SAL_298,B3,Rack 11,11/24/23 0:00,Terra R,Terrestrial,Unknown,,WT,ECJ TS TY Rotation,Pleurodeles waltl,AABL1550,ECJ 1 day behavior,,12/11/24 0:00,,Gummy Schedule
SAL_299,C1,Rack 11,11/24/23 0:00,Terra T,Terrestrial,Unknown,,WT,ECJ TS TY Rotation,Pleurodeles waltl,AABL1550,ECJ 1 day behavior,,12/11/24 0:00,,Gummy Schedule
SAL_300,C1,Rack 11,11/24/23 0:00,Terra T,Terrestrial,Unknown,,WT,ECJ TS TY Rotation,Pleurodeles waltl,AABL1550,ECJ 1 day behavior,,12/11/24 0:00,,Gummy Schedule
SAL_301,C1,Rack 11,11/24/23 0:00,Terra T,Terrestrial,Unknown,,WT,ECJ TS TY Rotation,Pleurodeles waltl,AABL1550,ECJ 1 day behavior,,12/11/24 0:00,,Gummy Schedule
SAL_302,C1,Rack 11,11/24/23 0:00,Terra T,Terrestrial,Unknown,,WT,ECJ TS TY Rotation,Pleurodeles waltl,AABL1550,ECJ 1 day behavior,,12/11/24 0:00,,Gummy Schedule
SAL_303,C1,Rack 12,2/8/23 0:00,,Aquatic,Male,F1,hsyn-GCaMP6s,Breeding,Pleurodeles waltl,AABL1550,True F1,,,,
SAL_304,C3,Rack 1,3/12/25 0:00,,Aquatic,Unknown,,WT,GG,Polypterus senegalus,AABY5655,,,,,
SAL_305,C3,Rack 1,3/12/25 0:00,,Aquatic,Unknown,,WT,GG,Polypterus senegalus,AABY5655,,,,,
SAL_306,C3,Rack 1,3/12/25 0:00,,Aquatic,Unknown,,WT,GG,Polypterus senegalus,AABY5655,,,,,
SAL_307,D1,Rack 12,11/24/24 0:00,,Aquatic,Female,F1,hsyn-GCaMP6s,Breeding,Pleurodeles waltl,AABL1550,,,,,
SAL_308,D1,Rack 12,11/24/24 0:00,,Aquatic,Female,F1,hsyn-GCaMP6s,Breeding,Pleurodeles waltl,AABL1550,,,,,
SAL_309,D1,Rack 12,11/24/24 0:00,,Aquatic,Female,F1,hsyn-GCaMP6s,Breeding,Pleurodeles waltl,AABL1550,,,,,
SAL_310,D1,Rack 12,11/24/24 0:00,,Aquatic,Male,F1,hsyn-GCaMP6s,Breeding,Pleurodeles waltl,AABL1550,,,,,
SAL_311,D1,Rack 12,11/24/24 0:00,,Aquatic,Male,F1,hsyn-GCaMP6s,Breeding,Pleurodeles waltl,AABL1550,,,,,
SAL_312,D1,Rack 12,11/24/24 0:00,,Aquatic,Male,F1,hsyn-GCaMP6s,Breeding,Pleurodeles waltl,AABL1550,,,,,
SAL_313,A1,Rack 6,11/24/24 0:00,,Aquatic,Unknown,F1,hsyn-GCaMP6s,LX St Jude,Pleurodeles waltl,AABL1550,,,,,
SAL_314,A1,Rack 6,11/24/24 0:00,,Aquatic,Unknown,F1,hsyn-GCaMP6s,LX St Jude,Pleurodeles waltl,AABL1550,,,,,
SAL_315,A1,Rack 6,11/24/24 0:00,,Aquatic,Unknown,F1,hsyn-GCaMP6s,LX St Jude,Pleurodeles waltl,AABL1550,,,,,
SAL_316,A1,Rack 6,11/24/24 0:00,,Aquatic,Unknown,F1,hsyn-GCaMP6s,LX St Jude,Pleurodeles waltl,AABL1550,,,,,
SAL_317,A1,Rack 6,11/24/24 0:00,,Aquatic,Unknown,F1,hsyn-GCaMP6s,LX St Jude,Pleurodeles waltl,AABL1550,,,,,
SAL_318,A1,Rack 6,11/24/24 0:00,,Aquatic,Unknown,F1,hsyn-GCaMP6s,LX St Jude,Pleurodeles waltl,AABL1550,,,,,
SAL_319,A1,Rack 6,11/24/24 0:00,,Aquatic,Unknown,F1,hsyn-GCaMP6s,LX St Jude,Pleurodeles waltl,AABL1550,,,,,
SAL_320,A1,Rack 6,11/24/24 0:00,,Aquatic,Unknown,F1,hsyn-GCaMP6s,LX St Jude,Pleurodeles waltl,AABL1550,,,,,
SAL_321,A2,Rack 6,11/24/24 0:00,,Aquatic,Unknown,F1,hsyn-GCaMP6s,LX St Jude,Pleurodeles waltl,AABL1550,,,,,
SAL_322,A2,Rack 6,11/24/24 0:00,,Aquatic,Unknown,F1,hsyn-GCaMP6s,LX St Jude,Pleurodeles waltl,AABL1550,,,,,
SAL_323,A2,Rack 6,11/24/24 0:00,,Aquatic,Unknown,F1,hsyn-GCaMP6s,LX St Jude,Pleurodeles waltl,AABL1550,,,,,
SAL_324,A2,Rack 6,11/24/24 0:00,,Aquatic,Unknown,F1,hsyn-GCaMP6s,LX St Jude,Pleurodeles waltl,AABL1550,,,,,
SAL_325,A2,Rack 6,11/24/24 0:00,,Aquatic,Unknown,F1,hsyn-GCaMP6s,LX St Jude,Pleurodeles waltl,AABL1550,,,,,
SAL_326,A2,Rack 6,11/24/24 0:00,,Aquatic,Unknown,F1,hsyn-GCaMP6s,LX St Jude,Pleurodeles waltl,AABL1550,,,,,
SAL_327,A2,Rack 6,11/24/24 0:00,,Aquatic,Unknown,F1,hsyn-GCaMP6s,LX St Jude,Pleurodeles waltl,AABL1550,,,,,
SAL_328,A2,Rack 6,11/24/24 0:00,,Aquatic,Unknown,F1,hsyn-GCaMP6s,LX St Jude,Pleurodeles waltl,AABL1550,,,,,
SAL_329,A4,Rack 6,11/24/24 0:00,,Aquatic,Unknown,F1,hsyn-GCaMP6s,LX St Jude,Pleurodeles waltl,AABL1550,,,,,
SAL_330,A4,Rack 6,11/24/24 0:00,,Aquatic,Unknown,F1,hsyn-GCaMP6s,LX St Jude,Pleurodeles waltl,AABL1550,,,,,
SAL_331,A4,Rack 6,11/24/24 0:00,,Aquatic,Unknown,F1,hsyn-GCaMP6s,LX St Jude,Pleurodeles waltl,AABL1550,,,,,
SAL_332,A4,Rack 6,11/24/24 0:00,,Aquatic,Unknown,F1,hsyn-GCaMP6s,LX St Jude,Pleurodeles waltl,AABL1550,,,,,
SAL_333,A4,Rack 6,11/24/24 0:00,,Aquatic,Unknown,F1,hsyn-GCaMP6s,LX St Jude,Pleurodeles waltl,AABL1550,,,,,
SAL_334,A4,Rack 6,11/24/24 0:00,,Aquatic,Unknown,F1,hsyn-GCaMP6s,LX St Jude,Pleurodeles waltl,AABL1550,,,,,
SAL_335,A4,Rack 6,11/24/24 0:00,,Aquatic,Unknown,F1,hsyn-GCaMP6s,LX St Jude,Pleurodeles waltl,AABL1550,,,,,
SAL_336,A4,Rack 6,11/24/24 0:00,,Aquatic,Unknown,F1,hsyn-GCaMP6s,LX St Jude,Pleurodeles waltl,AABL1550,,,,,
SAL_337,A5,Rack 6,11/24/24 0:00,,Aquatic,Unknown,F1,hsyn-GCaMP6s,LX St Jude,Pleurodeles waltl,AABL1550,,,,,
SAL_338,A5,Rack 6,11/24/24 0:00,,Aquatic,Unknown,F1,hsyn-GCaMP6s,LX St Jude,Pleurodeles waltl,AABL1550,,,,,
SAL_339,A5,Rack 6,11/24/24 0:00,,Aquatic,Unknown,F1,hsyn-GCaMP6s,LX St Jude,Pleurodeles waltl,AABL1550,,,,,
SAL_340,A5,Rack 6,11/24/24 0:00,,Aquatic,Unknown,F1,hsyn-GCaMP6s,LX St Jude,Pleurodeles waltl,AABL1550,,,,,
SAL_341,A5,Rack 6,11/24/24 0:00,,Aquatic,Unknown,F1,hsyn-GCaMP6s,LX St Jude,Pleurodeles waltl,AABL1550,,,,,
SAL_342,A5,Rack 6,11/24/24 0:00,,Aquatic,Unknown,F1,hsyn-GCaMP6s,LX St Jude,Pleurodeles waltl,AABL1550,,,,,
SAL_343,A5,Rack 6,11/24/24 0:00,,Aquatic,Unknown,F1,hsyn-GCaMP6s,LX St Jude,Pleurodeles waltl,AABL1550,,,,,
SAL_344,A5,Rack 6,11/24/24 0:00,,Aquatic,Unknown,F1,hsyn-GCaMP6s,LX St Jude,Pleurodeles waltl,AABL1550,,,,,
SAL_345,B1,Rack 6,,,Aquatic,Unknown,,WT,DNE Fake Placeholder,Pleurodeles waltl,AABL1550,,,,,
SAL_346,B1,Rack 6,,,Aquatic,Unknown,,WT,DNE Fake Placeholder,Pleurodeles waltl,AABL1550,,,,,
SAL_347,B1,Rack 6,,,Aquatic,Unknown,,WT,DNE Fake Placeholder,Pleurodeles waltl,AABL1550,,,,,
SAL_348,B1,Rack 6,,,Aquatic,Unknown,,WT,DNE Fake Placeholder,Pleurodeles waltl,AABL1550,,,,,
SAL_349,B1,Rack 6,,,Aquatic,Unknown,,WT,DNE Fake Placeholder,Pleurodeles waltl,AABL1550,,,,,
SAL_350,B1,Rack 6,,,Aquatic,Unknown,,WT,DNE Fake Placeholder,Pleurodeles waltl,AABL1550,,,,,
SAL_351,B1,Rack 6,,,Aquatic,Unknown,,WT,DNE Fake Placeholder,Pleurodeles waltl,AABL1550,,,,,
SAL_352,B1,Rack 6,,,Aquatic,Unknown,,WT,DNE Fake Placeholder,Pleurodeles waltl,AABL1550,,,,,
SAL_353,B1,Rack 6,,,Aquatic,Unknown,,WT,DNE Fake Placeholder,Pleurodeles waltl,AABL1550,,,,,
SAL_354,B1,Rack 6,,,Aquatic,Unknown,,WT,DNE Fake Placeholder,Pleurodeles waltl,AABL1550,,,,,
SAL_355,B2,Rack 6,11/24/23 0:00,,Aquatic,Unknown,F1,hsyn-GCaMP6s,,Pleurodeles waltl,AABL1550,,,,,
SAL_356,B2,Rack 6,11/24/23 0:00,,Aquatic,Unknown,F1,hsyn-GCaMP6s,,Pleurodeles waltl,AABL1550,,,,,
SAL_357,B2,Rack 6,11/24/23 0:00,,Aquatic,Unknown,F1,hsyn-GCaMP6s,,Pleurodeles waltl,AABL1550,,,,,
SAL_358,B2,Rack 6,11/24/23 0:00,,Aquatic,Unknown,F1,hsyn-GCaMP6s,,Pleurodeles waltl,AABL1550,,,,,
SAL_359,B2,Rack 6,11/24/23 0:00,,Aquatic,Unknown,F1,hsyn-GCaMP6s,,Pleurodeles waltl,AABL1550,,,,,
SAL_360,B2,Rack 6,11/24/23 0:00,,Aquatic,Unknown,F1,hsyn-GCaMP6s,,Pleurodeles waltl,AABL1550,,,,,
SAL_361,B2,Rack 6,11/24/23 0:00,,Aquatic,Unknown,F1,hsyn-GCaMP6s,,Pleurodeles waltl,AABL1550,,,,,
SAL_362,B2,Rack 6,11/24/23 0:00,,Aquatic,Unknown,F1,hsyn-GCaMP6s,,Pleurodeles waltl,AABL1550,,,,,
SAL_363,B3,Rack 6,11/24/23 0:00,,Aquatic,Unknown,F1,hsyn-GCaMP6s,,Pleurodeles waltl,AABL1550,,,,,
SAL_364,B3,Rack 6,11/24/23 0:00,,Aquatic,Unknown,F1,hsyn-GCaMP6s,,Pleurodeles waltl,AABL1550,,,,,
SAL_365,B3,Rack 6,11/24/23 0:00,,Aquatic,Unknown,F1,hsyn-GCaMP6s,,Pleurodeles waltl,AABL1550,,,,,
SAL_366,B3,Rack 6,11/24/23 0:00,,Aquatic,Unknown,F1,hsyn-GCaMP6s,,Pleurodeles waltl,AABL1550,,,,,
SAL_367,B3,Rack 6,11/24/23 0:00,,Aquatic,Unknown,F1,hsyn-GCaMP6s,,Pleurodeles waltl,AABL1550,,,,,
SAL_368,B3,Rack 6,11/24/23 0:00,,Aquatic,Unknown,F1,hsyn-GCaMP6s,,Pleurodeles waltl,AABL1550,,,,,
SAL_369,B3,Rack 6,11/24/23 0:00,,Aquatic,Unknown,F1,hsyn-GCaMP6s,,Pleurodeles waltl,AABL1550,,,,,
SAL_370,B3,Rack 6,11/24/23 0:00,,Aquatic,Unknown,F1,hsyn-GCaMP6s,,Pleurodeles waltl,AABL1550,,,,,
SAL_371,B4,Rack 6,11/24/23 0:00,,Aquatic,Unknown,F1,hsyn-GCaMP6s,,Pleurodeles waltl,AABL1550,,,,,
SAL_372,B4,Rack 6,11/24/23 0:00,,Aquatic,Unknown,F1,hsyn-GCaMP6s,,Pleurodeles waltl,AABL1550,,,,,
SAL_373,B4,Rack 6,11/24/23 0:00,,Aquatic,Unknown,F1,hsyn-GCaMP6s,,Pleurodeles waltl,AABL1550,,,,,
SAL_374,B4,Rack 6,11/24/23 0:00,,Aquatic,Unknown,F1,hsyn-GCaMP6s,,Pleurodeles waltl,AABL1550,,,,,
SAL_375,B4,Rack 6,11/24/23 0:00,,Aquatic,Unknown,F1,hsyn-GCaMP6s,,Pleurodeles waltl,AABL1550,,,,,
SAL_376,B4,Rack 6,11/24/23 0:00,,Aquatic,Unknown,F1,hsyn-GCaMP6s,,Pleurodeles waltl,AABL1550,,,,,
SAL_377,B5,Rack 6,11/24/23 0:00,,Aquatic,Unknown,,WT,Breeding,Pleurodeles waltl,AABF2564,,,,,
SAL_378,B5,Rack 6,11/24/23 0:00,,Aquatic,Unknown,,WT,Breeding,Pleurodeles waltl,AABF2564,,,,,
SAL_379,B5,Rack 6,11/24/23 0:00,,Aquatic,Unknown,,WT,Breeding,Pleurodeles waltl,AABF2564,,,,,
SAL_380,B5,Rack 6,11/24/23 0:00,,Aquatic,Unknown,,WT,Breeding,Pleurodeles waltl,AABF2564,,,,,
SAL_381,C1,Rack 6,11/24/23 0:00,,Aquatic,Unknown,F1,hsyn-GCaMP6s,,Pleurodeles waltl,AABL1550,,,,,
SAL_382,C1,Rack 6,11/24/23 0:00,,Aquatic,Unknown,F1,hsyn-GCaMP6s,,Pleurodeles waltl,AABL1550,,,,,
SAL_383,C1,Rack 6,11/24/23 0:00,,Aquatic,Unknown,F1,hsyn-GCaMP6s,,Pleurodeles waltl,AABL1550,,,,,
SAL_384,C1,Rack 6,11/24/23 0:00,,Aquatic,Unknown,F1,hsyn-GCaMP6s,,Pleurodeles waltl,AABL1550,,,,,
SAL_385,C1,Rack 6,11/24/23 0:00,,Aquatic,Unknown,F1,hsyn-GCaMP6s,,Pleurodeles waltl,AABL1550,,,,,
SAL_386,C1,Rack 6,11/24/23 0:00,,Aquatic,Unknown,F1,hsyn-GCaMP6s,,Pleurodeles waltl,AABL1550,,,,,
SAL_387,C1,Rack 6,11/24/23 0:00,,Aquatic,Unknown,F1,hsyn-GCaMP6s,,Pleurodeles waltl,AABL1550,,,,,
SAL_388,C1,Rack 6,11/24/23 0:00,,Aquatic,Unknown,F1,hsyn-GCaMP6s,,Pleurodeles waltl,AABL1550,,,,,
SAL_389,C2,Rack 6,11/24/23 0:00,,Aquatic,Unknown,F1,hsyn-GCaMP6s,,Pleurodeles waltl,AABL1550,,,,,
SAL_390,C2,Rack 6,11/24/23 0:00,,Aquatic,Unknown,F1,hsyn-GCaMP6s,,Pleurodeles waltl,AABL1550,,,,,
SAL_391,C2,Rack 6,11/24/23 0:00,,Aquatic,Unknown,F1,hsyn-GCaMP6s,,Pleurodeles waltl,AABL1550,,,,,
SAL_392,C2,Rack 6,11/24/23 0:00,,Aquatic,Unknown,F1,hsyn-GCaMP6s,,Pleurodeles waltl,AABL1550,,,,,
SAL_393,C2,Rack 6,11/24/23 0:00,,Aquatic,Unknown,F1,hsyn-GCaMP6s,,Pleurodeles waltl,AABL1550,,,,,
SAL_394,C2,Rack 6,11/24/23 0:00,,Aquatic,Unknown,F1,hsyn-GCaMP6s,,Pleurodeles waltl,AABL1550,,,,,
SAL_395,C2,Rack 6,11/24/23 0:00,,Aquatic,Unknown,F1,hsyn-GCaMP6s,,Pleurodeles waltl,AABL1550,,,,,
SAL_396,C2,Rack 6,11/24/23 0:00,,Aquatic,Unknown,F1,hsyn-GCaMP6s,,Pleurodeles waltl,AABL1550,,,,,
SAL_397,C3,Rack 6,11/24/23 0:00,,Aquatic,Unknown,,WT,AOG,Pleurodeles waltl,AABI2617,,,,,
SAL_398,C3,Rack 6,11/24/23 0:00,,Aquatic,Unknown,,WT,AOG,Pleurodeles waltl,AABI2617,,,,,
SAL_399,C3,Rack 6,11/24/23 0:00,,Aquatic,Unknown,,WT,AOG,Pleurodeles waltl,AABI2617,,,,,
SAL_400,C3,Rack 6,11/24/23 0:00,,Aquatic,Unknown,,WT,AOG,Pleurodeles waltl,AABI2617,,,,,
SAL_401,C3,Rack 6,11/24/23 0:00,,Aquatic,Unknown,,WT,AOG,Pleurodeles waltl,AABI2617,,,,,
SAL_402,C3,Rack 6,11/24/23 0:00,,Aquatic,Unknown,,WT,AOG,Pleurodeles waltl,AABI2617,,,,,
SAL_403,C3,Rack 6,11/24/23 0:00,,Aquatic,Unknown,,WT,AOG,Pleurodeles waltl,AABI2617,,,,,
SAL_404,C3,Rack 6,11/24/23 0:00,,Aquatic,Unknown,,WT,AOG,Pleurodeles waltl,AABI2617,,,,,
SAL_405,C4,Rack 6,4/15/24 0:00,,Aquatic,Unknown,,WT,AD,Pleurodeles waltl,AABF2564,Ad pbase ,,,,
SAL_406,D1,Rack 6,11/24/23 0:00,,Aquatic,Unknown,F1,hsyn-GCaMP6s,,Pleurodeles waltl,AABL1550,,,,,
SAL_407,D1,Rack 6,11/24/23 0:00,,Aquatic,Unknown,F1,hsyn-GCaMP6s,,Pleurodeles waltl,AABL1550,,,,,
SAL_408,D1,Rack 6,11/24/23 0:00,,Aquatic,Unknown,F1,hsyn-GCaMP6s,,Pleurodeles waltl,AABL1550,,,,,
SAL_409,D1,Rack 6,11/24/23 0:00,,Aquatic,Unknown,F1,hsyn-GCaMP6s,,Pleurodeles waltl,AABL1550,,,,,
SAL_410,D1,Rack 6,11/24/23 0:00,,Aquatic,Unknown,F1,hsyn-GCaMP6s,,Pleurodeles waltl,AABL1550,,,,,
SAL_411,D1,Rack 6,11/24/23 0:00,,Aquatic,Unknown,F1,hsyn-GCaMP6s,,Pleurodeles waltl,AABL1550,,,,,
SAL_412,D1,Rack 6,11/24/23 0:00,,Aquatic,Unknown,F1,hsyn-GCaMP6s,,Pleurodeles waltl,AABL1550,,,,,
SAL_413,D1,Rack 6,11/24/23 0:00,,Aquatic,Unknown,F1,hsyn-GCaMP6s,,Pleurodeles waltl,AABL1550,,,,,
SAL_414,D2,Rack 6,11/24/23 0:00,,Aquatic,Unknown,F1,hsyn-GCaMP6s,,Pleurodeles waltl,AABL1550,,,,,
SAL_415,D2,Rack 6,11/24/23 0:00,,Aquatic,Unknown,F1,hsyn-GCaMP6s,,Pleurodeles waltl,AABL1550,,,,,
SAL_416,D2,Rack 6,11/24/23 0:00,,Aquatic,Unknown,F1,hsyn-GCaMP6s,,Pleurodeles waltl,AABL1550,,,,,
SAL_417,D2,Rack 6,11/24/23 0:00,,Aquatic,Unknown,F1,hsyn-GCaMP6s,,Pleurodeles waltl,AABL1550,,,,,
SAL_418,D2,Rack 6,11/24/23 0:00,,Aquatic,Unknown,F1,hsyn-GCaMP6s,,Pleurodeles waltl,AABL1550,,,,,
SAL_419,D2,Rack 6,11/24/23 0:00,,Aquatic,Unknown,F1,hsyn-GCaMP6s,,Pleurodeles waltl,AABL1550,,,,,
SAL_420,D2,Rack 6,11/24/23 0:00,,Aquatic,Unknown,F1,hsyn-GCaMP6s,,Pleurodeles waltl,AABL1550,,,,,
SAL_421,D2,Rack 6,11/24/23 0:00,,Aquatic,Unknown,F1,hsyn-GCaMP6s,,Pleurodeles waltl,AABL1550,,,,,
SAL_422,B1,Rack 6,12/9/23 0:00,Fake,Aquatic,Unknown,,WT,DNE Fake Placeholder,Pleurodeles waltl,AABL1550,,,,,
SAL_423,D3,Rack 6,12/9/23 0:00,Viral,Aquatic,Unknown,,WT,LX,Pleurodeles waltl,AABL1550,LX PHPeB CAG G8s Viral,,,,
SAL_424,D3,Rack 6,12/9/23 0:00,Viral,Aquatic,Unknown,,WT,LX,Pleurodeles waltl,AABL1550,LX PHPeB CAG G8s Viral,,,,
SAL_425,D3,Rack 6,12/9/23 0:00,Viral,Aquatic,Unknown,,WT,LX,Pleurodeles waltl,AABL1550,LX PHPeB CAG G8s Viral,,,,
SAL_426,D3,Rack 6,12/9/23 0:00,Viral,Aquatic,Unknown,,WT,LX,Pleurodeles waltl,AABL1550,LX PHPeB CAG G8s Viral,,,,
SAL_427,D3,Rack 6,12/9/23 0:00,Viral,Aquatic,Unknown,,WT,LX,Pleurodeles waltl,AABL1550,LX PHPeB CAG G8s Viral,,,,
SAL_428,D3,Rack 6,12/9/23 0:00,Viral,Aquatic,Unknown,,WT,LX,Pleurodeles waltl,AABL1550,LX PHPeB CAG G8s Viral,,,,
SAL_429,D3,Rack 6,12/9/23 0:00,Viral,Aquatic,Unknown,,WT,LX,Pleurodeles waltl,AABL1550,LX PHPeB CAG G8s Viral,,,,
SAL_430,D4,Rack 6,11/24/23 0:00,Viral,Aquatic,Unknown,,WT,LX,Pleurodeles waltl,AABL1550,LX PHPeB CAG G8s Viral,,,,
SAL_431,D4,Rack 6,11/24/23 0:00,Viral,Aquatic,Unknown,,WT,LX,Pleurodeles waltl,AABL1550,LX PHPeB CAG G8s Viral,,,,
SAL_432,D4,Rack 6,11/24/23 0:00,Viral,Aquatic,Unknown,,WT,LX,Pleurodeles waltl,AABL1550,LX PHPeB CAG G8s Viral,,,,
SAL_433,D4,Rack 6,11/24/23 0:00,Viral,Aquatic,Unknown,,WT,LX,Pleurodeles waltl,AABL1550,LX PHPeB CAG G8s Viral,,,,
SAL_434,D4,Rack 6,11/24/23 0:00,Viral,Aquatic,Unknown,,WT,LX,Pleurodeles waltl,AABL1550,LX PHPeB CAG G8s Viral,,,,
SAL_435,D4,Rack 6,11/24/23 0:00,Viral,Aquatic,Unknown,,WT,LX,Pleurodeles waltl,AABL1550,LX PHPeB CAG G8s Viral,,,,
SAL_436,D5,Rack 6,11/24/23 0:00,Viral,Aquatic,Unknown,,WT,LX,Pleurodeles waltl,AABL1550,LX PHPeB CAG G8s Viral,,,,
SAL_437,D5,Rack 6,11/24/23 0:00,Viral,Aquatic,Unknown,,WT,LX,Pleurodeles waltl,AABL1550,LX PHPeB CAG G8s Viral,,,,
SAL_438,D5,Rack 6,11/24/23 0:00,Viral,Aquatic,Unknown,,WT,LX,Pleurodeles waltl,AABL1550,LX PHPeB CAG G8s Viral,,,,
SAL_439,A1,Rack 8,12/18/23 0:00,,Aquatic,Unknown,,WT,AOG,Pleurodeles waltl,AABI2617,AOG ,,,,
SAL_440,A1,Rack 8,12/18/23 0:00,,Aquatic,Unknown,,WT,AOG,Pleurodeles waltl,AABI2617,AOG ,,,,
SAL_441,A1,Rack 8,12/18/23 0:00,,Aquatic,Unknown,,WT,AOG,Pleurodeles waltl,AABI2617,AOG ,,,,
SAL_442,A1,Rack 8,12/18/23 0:00,,Aquatic,Unknown,,WT,AOG,Pleurodeles waltl,AABI2617,AOG ,,,,
SAL_443,A5,Rack 8,12/9/23 0:00,,Aquatic,Unknown,,WT,AOG,Pleurodeles waltl,AABI2617,AOG ,,,,
SAL_444,B1,Rack 8,12/9/23 0:00,,Aquatic,Unknown,,WT,JW AMMM histology,Pleurodeles waltl,AABL1550,,,,,
SAL_445,B1,Rack 8,12/9/23 0:00,,Aquatic,Unknown,,WT,JW AMMM histology,Pleurodeles waltl,AABL1550,,,,,
SAL_446,B1,Rack 8,12/9/23 0:00,,Aquatic,Unknown,,WT,JW AMMM histology,Pleurodeles waltl,AABL1550,,,,,
SAL_447,B1,Rack 8,12/9/23 0:00,,Aquatic,Unknown,,WT,JW AMMM histology,Pleurodeles waltl,AABL1550,,,,,
SAL_448,B1,Rack 8,12/9/23 0:00,,Aquatic,Unknown,,WT,JW AMMM histology,Pleurodeles waltl,AABL1550,,,,,
SAL_449,B2,Rack 8,11/24/23 0:00,,Aquatic,Unknown,,WT,JW AMMM histology,Pleurodeles waltl,AABL1550,,,,,
SAL_450,B2,Rack 8,11/24/23 0:00,,Aquatic,Unknown,,WT,JW AMMM histology,Pleurodeles waltl,AABL1550,,,,,
SAL_451,B2,Rack 8,11/24/23 0:00,,Aquatic,Unknown,,WT,JW AMMM histology,Pleurodeles waltl,AABL1550,,,,,
SAL_452,B2,Rack 8,11/24/23 0:00,,Aquatic,Unknown,,WT,JW AMMM histology,Pleurodeles waltl,AABL1550,,,,,
SAL_453,B2,Rack 8,11/24/23 0:00,,Aquatic,Unknown,,WT,JW AMMM histology,Pleurodeles waltl,AABL1550,,,,,
SAL_454,D3,Rack 8,11/24/23 0:00,,Aquatic,Unknown,,WT,JW AMMM histology,Pleurodeles waltl,AABL1550,,,,,Gummy Schedule
SAL_455,D3,Rack 8,11/24/23 0:00,,Aquatic,Unknown,,WT,JW AMMM histology,Pleurodeles waltl,AABL1550,,,,,Gummy Schedule
SAL_456,D3,Rack 8,11/24/23 0:00,,Aquatic,Unknown,,WT,JW AMMM histology,Pleurodeles waltl,AABL1550,,,,,Gummy Schedule
SAL_457,D3,Rack 8,11/24/23 0:00,,Aquatic,Unknown,,WT,JW AMMM histology,Pleurodeles waltl,AABL1550,,,,,Gummy Schedule
SAL_458,D3,Rack 8,11/24/23 0:00,,Aquatic,Unknown,,WT,JW AMMM histology,Pleurodeles waltl,AABL1550,,,,,Gummy Schedule
SAL_459,B4,Rack 2,11/24/23 0:00,Fake,Aquatic,Unknown,,WT,DNE fake placeholder,Pleurodeles waltl,AABL1550,,,,,Gummy Schedule
SAL_460,C1,Rack 9,4/15/24 0:00,,Aquatic,Unknown,,WT,AOG ,Pleurodeles waltl,AABI2617,Regen,,,,
SAL_461,B2,Rack 4,5/17/24 0:00,EdU,Aquatic,Unknown,,WT,AMMM TGZ Edu,Pleurodeles waltl,AABL1550,Edu,,,,
SAL_462,B2,Rack 4,5/17/24 0:00,EdU,Aquatic,Unknown,,WT,AMMM TGZ Edu,Pleurodeles waltl,AABL1550,Edu,,,,
SAL_463,B2,Rack 4,5/17/24 0:00,EdU,Aquatic,Unknown,,WT,AMMM TGZ Edu,Pleurodeles waltl,AABL1550,Edu,,,,
SAL_464,B2,Rack 4,5/17/24 0:00,EdU,Aquatic,Unknown,,WT,AMMM TGZ Edu,Pleurodeles waltl,AABL1550,Edu,,,,
SAL_465,B2,Rack 4,5/17/24 0:00,EdU,Aquatic,Unknown,,WT,AMMM TGZ Edu,Pleurodeles waltl,AABL1550,Edu,,,,
SAL_466,B2,Rack 4,5/17/24 0:00,EdU,Aquatic,Unknown,,WT,AMMM TGZ Edu,Pleurodeles waltl,AABL1550,Edu,,,,
SAL_467,B3,Rack 4,5/17/24 0:00,,Aquatic,Unknown,,WT,,Pleurodeles waltl,AABF2564,,,,,
SAL_468,B3,Rack 4,5/17/24 0:00,,Aquatic,Unknown,,WT,,Pleurodeles waltl,AABF2564,,,,,
SAL_469,B3,Rack 4,5/17/24 0:00,,Aquatic,Unknown,,WT,,Pleurodeles waltl,AABF2564,,,,,
SAL_470,B3,Rack 4,5/17/24 0:00,,Aquatic,Unknown,,WT,,Pleurodeles waltl,AABF2564,,,,,
SAL_471,B3,Rack 4,5/17/24 0:00,,Aquatic,Unknown,,WT,,Pleurodeles waltl,AABF2564,,,,,
SAL_472,C1,Rack 4,5/17/24 0:00,,Aquatic,Unknown,,WT,,Pleurodeles waltl,AABF2564,,,,,
SAL_473,C1,Rack 4,5/17/24 0:00,,Aquatic,Unknown,,WT,,Pleurodeles waltl,AABF2564,,,,,
SAL_474,C1,Rack 4,5/17/24 0:00,,Aquatic,Unknown,,WT,,Pleurodeles waltl,AABF2564,,,,,
SAL_475,C1,Rack 4,5/17/24 0:00,,Aquatic,Unknown,,WT,,Pleurodeles waltl,AABF2564,,,,,
SAL_476,C1,Rack 4,5/17/24 0:00,,Aquatic,Unknown,,WT,,Pleurodeles waltl,AABF2564,,,,,
SAL_477,C1,Rack 4,5/17/24 0:00,,Aquatic,Unknown,,WT,,Pleurodeles waltl,AABF2564,,,,,
SAL_478,C1,Rack 4,5/17/24 0:00,,Aquatic,Unknown,,WT,,Pleurodeles waltl,AABF2564,,,,,
SAL_479,D1,Rack 4,5/17/24 0:00,,Aquatic,Unknown,,WT,AOG Adult neuro,Pleurodeles waltl,AABI2617,,,,,
SAL_480,D1,Rack 4,5/17/24 0:00,,Aquatic,Unknown,,WT,AOG Adult neuro,Pleurodeles waltl,AABI2617,,,,,
SAL_481,D1,Rack 4,5/17/24 0:00,,Aquatic,Unknown,,WT,AOG Adult neuro,Pleurodeles waltl,AABI2617,,,,,
SAL_482,D1,Rack 4,5/17/24 0:00,,Aquatic,Unknown,,WT,AOG Adult neuro,Pleurodeles waltl,AABI2617,,,,,
SAL_483,D1,Rack 4,5/17/24 0:00,,Aquatic,Unknown,,WT,AOG Adult neuro,Pleurodeles waltl,AABI2617,,,,,
SAL_484,D1,Rack 4,5/17/24 0:00,,Aquatic,Unknown,,WT,AOG Adult neuro,Pleurodeles waltl,AABI2617,,,,,
SAL_485,D3,Rack 4,5/17/24 0:00,,Aquatic,Unknown,,WT,AMMM TGZ,Pleurodeles waltl,AABL1550,,,,,
SAL_486,D3,Rack 4,5/17/24 0:00,,Aquatic,Unknown,,WT,AMMM TGZ,Pleurodeles waltl,AABL1550,,,,,
SAL_487,D3,Rack 4,5/17/24 0:00,,Aquatic,Unknown,,WT,AMMM TGZ,Pleurodeles waltl,AABL1550,,,,,
SAL_488,D3,Rack 4,5/17/24 0:00,,Aquatic,Unknown,,WT,AMMM TGZ,Pleurodeles waltl,AABL1550,,,,,
SAL_489,D3,Rack 4,5/17/24 0:00,,Aquatic,Unknown,,WT,AMMM TGZ,Pleurodeles waltl,AABL1550,,,,,
SAL_490,D3,Rack 4,5/17/24 0:00,,Aquatic,Unknown,,WT,AMMM TGZ,Pleurodeles waltl,AABL1550,,,,,
SAL_491,B4,Rack 2,5/17/24 0:00,Fake,Aquatic,Unknown,,WT,DNE Fake Placeholder,Pleurodeles waltl,AABL1550,,,,,
SAL_492,A4,Rack 5,5/17/24 0:00,,Aquatic,Unknown,,WT,,Pleurodeles waltl,AABF2564,,,,,
SAL_493,A4,Rack 5,5/17/24 0:00,,Aquatic,Unknown,,WT,,Pleurodeles waltl,AABF2564,,,,,
SAL_494,A4,Rack 5,5/17/24 0:00,,Aquatic,Unknown,,WT,,Pleurodeles waltl,AABF2564,,,,,
SAL_495,A4,Rack 5,5/17/24 0:00,,Aquatic,Unknown,,WT,,Pleurodeles waltl,AABF2564,,,,,
SAL_496,A4,Rack 5,5/17/24 0:00,,Aquatic,Unknown,,WT,,Pleurodeles waltl,AABF2564,,,,,
SAL_497,A4,Rack 5,5/17/24 0:00,,Aquatic,Unknown,,WT,,Pleurodeles waltl,AABF2564,,,,,
SAL_498,A4,Rack 5,5/17/24 0:00,,Aquatic,Unknown,,WT,,Pleurodeles waltl,AABF2564,,,,,
SAL_499,C3,Rack 9,5/17/24 0:00,,Aquatic,Unknown,,WT,Priority to use ,Pleurodeles waltl,AABF2564,Slow growers,,,,
SAL_500,C3,Rack 9,5/17/24 0:00,,Aquatic,Unknown,,WT,Priority to use ,Pleurodeles waltl,AABF2564,Slow growers,,,,
SAL_501,C3,Rack 9,5/17/24 0:00,,Aquatic,Unknown,,WT,Priority to use ,Pleurodeles waltl,AABF2564,Slow growers,,,,
SAL_502,C3,Rack 9,5/17/24 0:00,,Aquatic,Unknown,,WT,Priority to use ,Pleurodeles waltl,AABF2564,Slow growers,,,,
SAL_503,C4,Rack 9,5/17/24 0:00,,Aquatic,Unknown,,WT,,Pleurodeles waltl,AABF2564,,,,,
SAL_504,C4,Rack 9,5/17/24 0:00,,Aquatic,Unknown,,WT,,Pleurodeles waltl,AABF2564,,,,,
SAL_505,C4,Rack 9,5/17/24 0:00,,Aquatic,Unknown,,WT,,Pleurodeles waltl,AABF2564,,,,,
SAL_506,C4,Rack 9,5/17/24 0:00,,Aquatic,Unknown,,WT,,Pleurodeles waltl,AABF2564,,,,,
SAL_507,C4,Rack 9,5/17/24 0:00,,Aquatic,Unknown,,WT,,Pleurodeles waltl,AABF2564,,,,,
SAL_508,C4,Rack 9,5/17/24 0:00,,Aquatic,Unknown,,WT,,Pleurodeles waltl,AABF2564,,,,,
SAL_509,A1,Rack 1,7/1/22 0:00,,Aquatic,Unknown,Sweden,hsyn-GFP,,Pleurodeles waltl,AABF2564,,,,,
SAL_510,A1,Rack 1,7/1/22 0:00,,Aquatic,Unknown,Sweden,hsyn-GFP,,Pleurodeles waltl,AABF2564,,,,,
SAL_511,A1,Rack 1,7/1/22 0:00,,Aquatic,Unknown,Sweden,hsyn-GFP,,Pleurodeles waltl,AABF2564,,,,,
SAL_512,A1,Rack 1,7/1/22 0:00,,Aquatic,Unknown,Sweden,hsyn-GFP,,Pleurodeles waltl,AABF2564,,,,,
SAL_513,A1,Rack 1,7/1/22 0:00,,Aquatic,Unknown,Sweden,hsyn-GFP,,Pleurodeles waltl,AABF2564,,,,,
SAL_514,A1,Rack 1,7/1/22 0:00,,Aquatic,Unknown,Sweden,hsyn-GFP,,Pleurodeles waltl,AABF2564,,,,,
SAL_515,A2,Rack 1,7/1/22 0:00,,Aquatic,Unknown,Sweden,hsyn-GFP,,Pleurodeles waltl,AABF2564,,,,,
SAL_516,A2,Rack 1,7/1/22 0:00,,Aquatic,Unknown,Sweden,hsyn-GFP,,Pleurodeles waltl,AABF2564,,,,,
SAL_517,A2,Rack 1,7/1/22 0:00,,Aquatic,Unknown,Sweden,hsyn-GFP,,Pleurodeles waltl,AABF2564,,,,,
SAL_518,A2,Rack 1,7/1/22 0:00,,Aquatic,Unknown,Sweden,hsyn-GFP,,Pleurodeles waltl,AABF2564,,,,,
SAL_519,A2,Rack 1,7/1/22 0:00,,Aquatic,Unknown,Sweden,hsyn-GFP,,Pleurodeles waltl,AABF2564,,,,,
SAL_520,A3,Rack 1,7/1/22 0:00,,Aquatic,Unknown,Sweden,hsyn-GFP,,Pleurodeles waltl,AABF2564,,,,,
SAL_521,A3,Rack 1,7/1/22 0:00,,Aquatic,Unknown,Sweden,hsyn-GFP,,Pleurodeles waltl,AABF2564,,,,,
SAL_522,A3,Rack 1,7/1/22 0:00,,Aquatic,Unknown,Sweden,hsyn-GFP,,Pleurodeles waltl,AABF2564,,,,,
SAL_523,A3,Rack 1,7/1/22 0:00,,Aquatic,Unknown,Sweden,hsyn-GFP,,Pleurodeles waltl,AABF2564,,,,,
SAL_524,A3,Rack 1,7/1/22 0:00,,Aquatic,Unknown,Sweden,hsyn-GFP,,Pleurodeles waltl,AABF2564,,,,,
SAL_525,A4,Rack 1,7/1/22 0:00,,Aquatic,Unknown,Sweden,hsyn-GFP,,Pleurodeles waltl,AABF2564,,,,,
SAL_526,A4,Rack 1,7/1/22 0:00,,Aquatic,Unknown,Sweden,hsyn-GFP,,Pleurodeles waltl,AABF2564,,,,,
SAL_527,A4,Rack 1,7/1/22 0:00,,Aquatic,Unknown,Sweden,hsyn-GFP,,Pleurodeles waltl,AABF2564,,,,,
SAL_528,A4,Rack 1,7/1/22 0:00,,Aquatic,Unknown,Sweden,hsyn-GFP,,Pleurodeles waltl,AABF2564,,,,,
SAL_529,A4,Rack 1,7/1/22 0:00,,Aquatic,Unknown,Sweden,hsyn-GFP,,Pleurodeles waltl,AABF2564,,,,,
SAL_530,A4,Rack 1,7/1/22 0:00,,Aquatic,Unknown,Sweden,hsyn-GFP,,Pleurodeles waltl,AABF2564,,,,,
SAL_531,A4,Rack 1,7/1/22 0:00,,Aquatic,Unknown,Sweden,hsyn-GFP,,Pleurodeles waltl,AABF2564,,,,,
SAL_532,B1,Rack 1,9/1/23 0:00,,Aquatic,Unknown,Sweden,hsyn-GCaMP6s,LX St Jude,Pleurodeles waltl,AABL1550,,,,,
SAL_533,B1,Rack 1,9/1/23 0:00,,Aquatic,Unknown,Sweden,hsyn-GCaMP6s,LX St Jude,Pleurodeles waltl,AABL1550,,,,,
SAL_534,B1,Rack 1,9/1/23 0:00,,Aquatic,Unknown,Sweden,hsyn-GCaMP6s,LX St Jude,Pleurodeles waltl,AABL1550,,,,,
SAL_535,B1,Rack 1,9/1/23 0:00,,Aquatic,Unknown,Sweden,hsyn-GCaMP6s,LX St Jude,Pleurodeles waltl,AABL1550,,,,,
SAL_536,B1,Rack 1,9/1/23 0:00,,Aquatic,Unknown,Sweden,hsyn-GCaMP6s,LX St Jude,Pleurodeles waltl,AABL1550,,,,,
SAL_537,B1,Rack 1,9/1/23 0:00,,Aquatic,Unknown,Sweden,hsyn-GCaMP6s,LX St Jude,Pleurodeles waltl,AABL1550,,,,,
SAL_538,B2,Rack 1,9/1/23 0:00,,Aquatic,Unknown,Sweden,hsyn-GCaMP6s,,Pleurodeles waltl,AABL1550,,,,,
SAL_539,B3,Rack 1,9/1/23 0:00,,Aquatic,Unknown,Sweden,hsyn-GCaMP6s,,Pleurodeles waltl,AABL1550,,,,,
SAL_540,B3,Rack 1,9/1/23 0:00,,Aquatic,Unknown,Sweden,hsyn-GCaMP6s,,Pleurodeles waltl,AABL1550,,,,,
SAL_541,B3,Rack 1,9/1/23 0:00,,Aquatic,Unknown,Sweden,hsyn-GCaMP6s,,Pleurodeles waltl,AABL1550,,,,,
SAL_542,B3,Rack 1,9/1/23 0:00,,Aquatic,Unknown,Sweden,hsyn-GCaMP6s,,Pleurodeles waltl,AABL1550,,,,,
SAL_543,B3,Rack 1,9/1/23 0:00,,Aquatic,Unknown,Sweden,hsyn-GCaMP6s,,Pleurodeles waltl,AABL1550,,,,,
SAL_544,B4,Rack 1,9/1/23 0:00,,Aquatic,Unknown,Sweden,hsyn-GCaMP6s,,Pleurodeles waltl,AABL1550,,,,,
SAL_545,B4,Rack 1,9/1/23 0:00,,Aquatic,Unknown,Sweden,hsyn-GCaMP6s,,Pleurodeles waltl,AABL1550,,,,,
SAL_546,B4,Rack 1,9/1/23 0:00,,Aquatic,Unknown,Sweden,hsyn-GCaMP6s,,Pleurodeles waltl,AABL1550,,,,,
SAL_547,B4,Rack 1,9/1/23 0:00,,Aquatic,Unknown,Sweden,hsyn-GCaMP6s,,Pleurodeles waltl,AABL1550,,,,,
SAL_548,B4,Rack 1,9/1/23 0:00,,Aquatic,Unknown,Sweden,hsyn-GCaMP6s,,Pleurodeles waltl,AABL1550,,,,,
SAL_549,B4,Rack 1,9/1/23 0:00,,Aquatic,Unknown,Sweden,hsyn-GCaMP6s,,Pleurodeles waltl,AABL1550,,,,,
SAL_550,B4,Rack 1,9/1/23 0:00,,Aquatic,Unknown,Sweden,hsyn-GCaMP6s,,Pleurodeles waltl,AABL1550,,,,,
SAL_551,C1,Rack 1,8/1/23 0:00,,Aquatic,Unknown,Sweden,mDlx-ChR2,,Pleurodeles waltl,AABL1550,,,,,
SAL_552,C2,Rack 1,7/1/22 0:00,,Aquatic,Unknown,Sweden,mDlx-GFP,,Pleurodeles waltl,AABF2564,,,,,
SAL_553,C2,Rack 1,7/1/22 0:00,,Aquatic,Unknown,Sweden,mDlx-GFP,,Pleurodeles waltl,AABF2564,,,,,
SAL_554,C2,Rack 1,7/1/22 0:00,,Aquatic,Unknown,Sweden,mDlx-GFP,,Pleurodeles waltl,AABF2564,,,,,
SAL_555,C2,Rack 1,7/1/22 0:00,,Aquatic,Unknown,Sweden,mDlx-GFP,,Pleurodeles waltl,AABF2564,,,,,
SAL_556,C2,Rack 11,9/1/23 0:00,Terra U,Terrestrial,Unknown,Sweden,hsyn-GCaMP6s,ECJ TS Imaging,Pleurodeles waltl,AABL1550,,,10/29/24 0:00,,
SAL_557,C2,Rack 11,9/1/23 0:00,Terra U,Terrestrial,Unknown,Sweden,hsyn-GCaMP6s,ECJ TS Imaging,Pleurodeles waltl,AABL1550,,,10/29/24 0:00,,
SAL_558,C2,Rack 11,9/1/23 0:00,Terra U,Terrestrial,Unknown,Sweden,hsyn-GCaMP6s,ECJ TS Imaging,Pleurodeles waltl,AABL1550,,,10/29/24 0:00,,
SAL_559,B1,Rack 7,9/1/23 0:00,,Aquatic,Unknown,Sweden,hsyn-GCaMP6s,,Pleurodeles waltl,AABL1550,DOB 11/2021-Sept/2023,,,,
SAL_560,B1,Rack 7,9/1/23 0:00,,Aquatic,Unknown,Sweden,hsyn-GCaMP6s,,Pleurodeles waltl,AABL1550,DOB 11/2021-Sept/2023,,,,
SAL_561,B1,Rack 7,9/1/23 0:00,,Aquatic,Unknown,Sweden,hsyn-GCaMP6s,,Pleurodeles waltl,AABL1550,DOB 11/2021-Sept/2023,,,,
SAL_562,B1,Rack 7,9/1/23 0:00,,Aquatic,Unknown,Sweden,hsyn-GCaMP6s,,Pleurodeles waltl,AABL1550,DOB 11/2021-Sept/2023,,,,
SAL_563,B1,Rack 7,9/1/23 0:00,,Aquatic,Unknown,Sweden,hsyn-GCaMP6s,,Pleurodeles waltl,AABL1550,DOB 11/2021-Sept/2023,,,,
SAL_564,B1,Rack 7,9/1/23 0:00,,Aquatic,Unknown,Sweden,hsyn-GCaMP6s,,Pleurodeles waltl,AABL1550,DOB 11/2021-Sept/2023,,,,
SAL_565,B4,Rack 2,,Fake,Aquatic,Unknown,,WT,DNE Fake Placeholder,Pleurodeles waltl,AABL1550,,,,,
SAL_566,B2,Rack 7,9/1/22 0:00,,Aquatic,Unknown,Sweden,hsyn-GCaMP6s,,Pleurodeles waltl,AABL1550,DOB 2021/07 - 2023/09,,,,
SAL_567,B2,Rack 7,9/1/22 0:00,,Aquatic,Unknown,Sweden,hsyn-GCaMP6s,,Pleurodeles waltl,AABL1550,DOB 2021/07 - 2023/09,,,,
SAL_568,B2,Rack 7,9/1/22 0:00,,Aquatic,Unknown,Sweden,hsyn-GCaMP6s,,Pleurodeles waltl,AABL1550,DOB 2021/07 - 2023/09,,,,
SAL_569,B2,Rack 7,9/1/22 0:00,,Aquatic,Unknown,Sweden,hsyn-GCaMP6s,,Pleurodeles waltl,AABL1550,DOB 2021/07 - 2023/09,,,,
SAL_570,B2,Rack 7,9/1/22 0:00,,Aquatic,Unknown,Sweden,hsyn-GCaMP6s,,Pleurodeles waltl,AABL1550,DOB 2021/07 - 2023/09,,,,
SAL_571,B3,Rack 7,9/1/22 0:00,,Aquatic,Unknown,Sweden,hsyn-GCaMP6s,,Pleurodeles waltl,AABL1550,DOB 2021/07 - 2023/09,,,,
SAL_572,B3,Rack 7,9/1/22 0:00,,Aquatic,Unknown,Sweden,hsyn-GCaMP6s,,Pleurodeles waltl,AABL1550,DOB 2021/07 - 2023/09,,,,
SAL_573,B3,Rack 7,9/1/22 0:00,,Aquatic,Unknown,Sweden,hsyn-GCaMP6s,,Pleurodeles waltl,AABL1550,DOB 2021/07 - 2023/09,,,,
SAL_574,B3,Rack 7,9/1/22 0:00,,Aquatic,Unknown,Sweden,hsyn-GCaMP6s,,Pleurodeles waltl,AABL1550,,,,,
SAL_575,B4,Rack 7,9/1/22 0:00,,Aquatic,Unknown,Sweden,hsyn-GCaMP6s,,Pleurodeles waltl,AABL1550,DOB 2021/11 - 2023/09,,,,
SAL_576,B4,Rack 7,9/1/22 0:00,,Aquatic,Unknown,Sweden,hsyn-GCaMP6s,,Pleurodeles waltl,AABL1550,DOB 2021/11 - 2023/09,,,,
SAL_577,B4,Rack 7,9/1/22 0:00,,Aquatic,Unknown,Sweden,hsyn-GCaMP6s,,Pleurodeles waltl,AABL1550,DOB 2021/11 - 2023/09,,,,
SAL_578,B4,Rack 7,9/1/22 0:00,,Aquatic,Unknown,Sweden,hsyn-GCaMP6s,,Pleurodeles waltl,AABL1550,DOB 2021/11 - 2023/09,,,,
SAL_579,C1,Rack 7,7/1/22 0:00,,Aquatic,Unknown,Sweden,mDlx-GFP,,Pleurodeles waltl,AABF2564,,,,,
SAL_580,C1,Rack 7,7/1/22 0:00,,Aquatic,Unknown,Sweden,mDlx-GFP,,Pleurodeles waltl,AABF2564,,,,,
SAL_581,C1,Rack 7,7/1/22 0:00,,Aquatic,Unknown,Sweden,mDlx-GFP,,Pleurodeles waltl,AABF2564,,,,,
SAL_582,C2,Rack 7,7/1/22 0:00,,Aquatic,Unknown,Sweden,mDlx-GFP,,Pleurodeles waltl,AABF2564,Metro treatment Jan 2025,,,,
SAL_583,C2,Rack 7,7/1/22 0:00,,Aquatic,Unknown,Sweden,mDlx-GFP,,Pleurodeles waltl,AABF2564,Metro treatment Jan 2025,,,,
SAL_584,C2,Rack 7,7/1/22 0:00,,Aquatic,Unknown,Sweden,mDlx-GFP,,Pleurodeles waltl,AABF2564,Metro treatment Jan 2025,,,,
SAL_585,C3,Rack 7,7/1/22 0:00,,Aquatic,Unknown,Sweden,mDlx-GFP,,Pleurodeles waltl,AABF2564,,,,,
SAL_586,C3,Rack 7,7/1/22 0:00,,Aquatic,Unknown,Sweden,mDlx-GFP,,Pleurodeles waltl,AABF2564,,,,,
SAL_587,C3,Rack 7,7/1/22 0:00,,Aquatic,Unknown,Sweden,mDlx-GFP,,Pleurodeles waltl,AABF2564,,,,,
SAL_588,C3,Rack 7,7/1/22 0:00,,Aquatic,Unknown,Sweden,mDlx-GFP,,Pleurodeles waltl,AABF2564,,,,,
SAL_589,C3,Rack 7,7/1/22 0:00,,Aquatic,Unknown,Sweden,mDlx-GFP,,Pleurodeles waltl,AABF2564,,,,,
SAL_590,C3,Rack 7,7/1/22 0:00,,Aquatic,Unknown,Sweden,mDlx-GFP,,Pleurodeles waltl,AABF2564,,,,,
SAL_591,C4,Rack 7,7/1/22 0:00,,Aquatic,Unknown,Sweden,mDlx-GFP,,Pleurodeles waltl,AABF2564,,,,,
SAL_592,C4,Rack 7,7/1/22 0:00,,Aquatic,Unknown,Sweden,mDlx-GFP,,Pleurodeles waltl,AABF2564,,,,,
SAL_593,C4,Rack 7,7/1/22 0:00,,Aquatic,Unknown,Sweden,mDlx-GFP,,Pleurodeles waltl,AABF2564,,,,,
SAL_594,C4,Rack 7,7/1/22 0:00,,Aquatic,Unknown,Sweden,mDlx-GFP,,Pleurodeles waltl,AABF2564,,,,,
SAL_595,C4,Rack 7,7/1/22 0:00,,Aquatic,Unknown,Sweden,mDlx-GFP,,Pleurodeles waltl,AABF2564,,,,,
SAL_596,C4,Rack 7,7/1/22 0:00,,Aquatic,Unknown,Sweden,mDlx-GFP,,Pleurodeles waltl,AABF2564,,,,,
SAL_597,A3,Rack 7,8/8/24 0:00,,Aquatic,Unknown,,WT,Priority to use,Pleurodeles waltl,AABI2617,Previously PTU controls,,,,
SAL_598,A3,Rack 7,8/8/24 0:00,,Aquatic,Unknown,,WT,Priority to use,Pleurodeles waltl,AABI2617,Previously PTU controls,,,,
SAL_599,B4,Rack 9,8/8/24 0:00,,Aquatic,Unknown,,WT,Priority to use,Pleurodeles waltl,AABF2564,,,,,
SAL_600,B4,Rack 9,8/8/24 0:00,,Aquatic,Unknown,,WT,Priority to use,Pleurodeles waltl,AABF2564,,,,,
SAL_601,B4,Rack 9,8/8/24 0:00,,Aquatic,Unknown,,WT,Priority to use,Pleurodeles waltl,AABF2564,,,,,
SAL_602,B4,Rack 9,8/8/24 0:00,,Aquatic,Unknown,,WT,Priority to use,Pleurodeles waltl,AABF2564,,,,,
SAL_603,B4,Rack 9,8/8/24 0:00,,Aquatic,Unknown,,WT,Priority to use,Pleurodeles waltl,AABF2564,,,,,
SAL_604,B4,Rack 9,8/8/24 0:00,,Aquatic,Unknown,,WT,Priority to use,Pleurodeles waltl,AABF2564,,,,,
SAL_605,B4,Rack 9,8/8/24 0:00,,Aquatic,Unknown,,WT,Priority to use,Pleurodeles waltl,AABF2564,,,,,
SAL_606,B2,Rack 9,10/25/24 0:00,Viral,Aquatic,Unknown,,WT,NJC,Pleurodeles waltl,AABL1550,Viral PHPeB G6s NJC,,,,
SAL_607,B2,Rack 9,10/25/24 0:00,Viral,Aquatic,Unknown,,WT,NJC,Pleurodeles waltl,AABL1550,Viral PHPeB G6s NJC,,,,
SAL_608,B2,Rack 9,10/25/24 0:00,Viral,Aquatic,Unknown,,WT,NJC,Pleurodeles waltl,AABL1550,Viral PHPeB G6s NJC,,,,
SAL_609,B2,Rack 9,10/25/24 0:00,Viral,Aquatic,Unknown,,WT,NJC,Pleurodeles waltl,AABL1550,Viral PHPeB G6s NJC,,,,
SAL_610,B2,Rack 9,10/25/24 0:00,Viral,Aquatic,Unknown,,WT,NJC,Pleurodeles waltl,AABL1550,Viral PHPeB G6s NJC,,,,
SAL_611,B2,Rack 9,10/25/24 0:00,Viral,Aquatic,Unknown,,WT,NJC,Pleurodeles waltl,AABL1550,Viral PHPeB G6s NJC,,,,
SAL_612,B3,Rack 9,10/25/24 0:00,,Aquatic,Unknown,,WT,AOG,Pleurodeles waltl,AABI2617,,,,,
SAL_613,B3,Rack 9,10/25/24 0:00,,Aquatic,Unknown,,WT,AOG,Pleurodeles waltl,AABI2617,,,,,
SAL_614,B3,Rack 9,10/25/24 0:00,,Aquatic,Unknown,,WT,AOG,Pleurodeles waltl,AABI2617,,,,,
SAL_615,B3,Rack 9,10/25/24 0:00,,Aquatic,Unknown,,WT,AOG,Pleurodeles waltl,AABI2617,,,,,
SAL_616,B3,Rack 9,10/25/24 0:00,,Aquatic,Unknown,,WT,AOG,Pleurodeles waltl,AABI2617,,,,,
SAL_617,A1,Rack 9,10/25/24 0:00,Viral,Aquatic,Unknown,,WT,TS,Pleurodeles waltl,AABL1550,TS PHPeB GCaMP,,,,
SAL_618,A1,Rack 9,10/25/24 0:00,Viral,Aquatic,Unknown,,WT,TS,Pleurodeles waltl,AABL1550,TS PHPeB GCaMP,,,,
SAL_619,A1,Rack 9,10/25/24 0:00,Viral,Aquatic,Unknown,,WT,TS,Pleurodeles waltl,AABL1550,TS PHPeB GCaMP,,,,
SAL_620,A1,Rack 9,10/25/24 0:00,Viral,Aquatic,Unknown,,WT,TS,Pleurodeles waltl,AABL1550,TS PHPeB GCaMP,,,,
SAL_621,A1,Rack 9,10/25/24 0:00,Viral,Aquatic,Unknown,,WT,TS,Pleurodeles waltl,AABL1550,TS PHPeB GCaMP,,,,
SAL_622,A1,Rack 9,10/25/24 0:00,Viral,Aquatic,Unknown,,WT,TS,Pleurodeles waltl,AABL1550,TS PHPeB GCaMP,,,,
SAL_623,A1,Rack 9,10/25/24 0:00,Viral,Aquatic,Unknown,,WT,TS,Pleurodeles waltl,AABL1550,TS PHPeB GCaMP,,,,
SAL_624,A2,Rack 9,10/25/24 0:00,Viral,Aquatic,Unknown,,WT,TS,Pleurodeles waltl,AABL1550,TS PHPeB GCaMP,,,,
SAL_625,A2,Rack 9,10/25/24 0:00,Viral,Aquatic,Unknown,,WT,TS,Pleurodeles waltl,AABL1550,TS PHPeB GCaMP,,,,
SAL_626,A2,Rack 9,10/25/24 0:00,Viral,Aquatic,Unknown,,WT,TS,Pleurodeles waltl,AABL1550,TS PHPeB GCaMP,,,,
SAL_627,A2,Rack 9,10/25/24 0:00,Viral,Aquatic,Unknown,,WT,TS,Pleurodeles waltl,AABL1550,TS PHPeB GCaMP,,,,
SAL_628,A2,Rack 9,10/25/24 0:00,Viral,Aquatic,Unknown,,WT,TS,Pleurodeles waltl,AABL1550,TS PHPeB GCaMP,,,,
SAL_629,A3,Rack 9,10/25/24 0:00,,Aquatic,Unknown,,WT,AOG,Pleurodeles waltl,AABI2617,Regen,,,,
SAL_630,A3,Rack 9,10/25/24 0:00,,Aquatic,Unknown,,WT,AOG,Pleurodeles waltl,AABI2617,Regen,,,,
SAL_631,A4,Rack 9,10/25/24 0:00,,Aquatic,Unknown,,WT,AOG,Pleurodeles waltl,AABI2617,Regen,,,,
SAL_632,A4,Rack 9,10/25/24 0:00,,Aquatic,Unknown,,WT,AOG,Pleurodeles waltl,AABI2617,Regen,,,,
SAL_633,A4,Rack 9,10/25/24 0:00,,Aquatic,Unknown,,WT,AOG,Pleurodeles waltl,AABI2617,Regen,,,,
SAL_634,A4,Rack 9,10/25/24 0:00,,Aquatic,Unknown,,WT,AOG,Pleurodeles waltl,AABI2617,Regen,,,,
SAL_635,A4,Rack 9,10/25/24 0:00,,Aquatic,Unknown,,WT,AOG,Pleurodeles waltl,AABI2617,Regen,,,,
SAL_636,A4,Rack 9,10/25/24 0:00,,Aquatic,Unknown,,WT,AOG,Pleurodeles waltl,AABI2617,Regen,,,,
SAL_637,A4,Rack 9,10/25/24 0:00,,Aquatic,Unknown,,WT,AOG,Pleurodeles waltl,AABI2617,Regen,,,,
SAL_638,A4,Rack 9,10/25/24 0:00,,Aquatic,Unknown,,WT,AOG,Pleurodeles waltl,AABI2617,Regen,,,,
SAL_639,B1,Rack 9,11/25/24 0:00,Viral,Aquatic,Unknown,,WT,TS,Pleurodeles waltl,AABL1550,DREADD/PHPeB G6s TS,,,,
SAL_640,B1,Rack 9,11/25/24 0:00,Viral,Aquatic,Unknown,,WT,TS,Pleurodeles waltl,AABL1550,DREADD/PHPeB G6s TS,,,,
SAL_641,B1,Rack 9,11/25/24 0:00,Viral,Aquatic,Unknown,,WT,TS,Pleurodeles waltl,AABL1550,DREADD/PHPeB G6s TS,,,,
SAL_642,B1,Rack 9,11/25/24 0:00,Viral,Aquatic,Unknown,,WT,TS,Pleurodeles waltl,AABL1550,DREADD/PHPeB G6s TS,,,,
SAL_643,B1,Rack 9,11/25/24 0:00,Viral,Aquatic,Unknown,,WT,TS,Pleurodeles waltl,AABL1550,DREADD/PHPeB G6s TS,,,,
SAL_644,C2,Rack 9,12/10/24 0:00,,Aquatic,Unknown,,WT,AOG,Pleurodeles waltl,AABI2617,AOG Electroporation,,,,
SAL_645,C2,Rack 9,12/10/24 0:00,,Aquatic,Unknown,,WT,AOG,Pleurodeles waltl,AABI2617,AOG Electroporation,,,,
SAL_646,C2,Rack 9,12/10/24 0:00,,Aquatic,Unknown,,WT,AOG,Pleurodeles waltl,AABI2617,AOG Electroporation,,,,
SAL_647,C2,Rack 9,12/10/24 0:00,,Aquatic,Unknown,,WT,AOG,Pleurodeles waltl,AABI2617,AOG Electroporation,,,,
SAL_648,C2,Rack 9,12/10/24 0:00,,Aquatic,Unknown,,WT,AOG,Pleurodeles waltl,AABI2617,AOG Electroporation,,,,
SAL_649,C2,Rack 9,12/10/24 0:00,,Aquatic,Unknown,,WT,AOG,Pleurodeles waltl,AABI2617,AOG Electroporation,,,,
SAL_650,C2,Rack 9,12/10/24 0:00,,Aquatic,Unknown,,WT,AOG,Pleurodeles waltl,AABI2617,AOG Electroporation,,,,
SAL_651,A1,Rack 5,12/10/24 0:00,,Aquatic,Unknown,,WT,,Pleurodeles waltl,AABF2564,,,,,
SAL_652,A1,Rack 5,12/10/24 0:00,,Aquatic,Unknown,,WT,,Pleurodeles waltl,AABF2564,,,,,
SAL_653,A1,Rack 5,12/10/24 0:00,,Aquatic,Unknown,,WT,,Pleurodeles waltl,AABF2564,,,,,
SAL_654,A1,Rack 5,12/10/24 0:00,,Aquatic,Unknown,,WT,,Pleurodeles waltl,AABF2564,,,,,
SAL_655,A1,Rack 5,12/10/24 0:00,,Aquatic,Unknown,,WT,,Pleurodeles waltl,AABF2564,,,,,
SAL_656,A1,Rack 5,12/10/24 0:00,,Aquatic,Unknown,,WT,,Pleurodeles waltl,AABF2564,,,,,
SAL_657,A1,Rack 5,12/10/24 0:00,,Aquatic,Unknown,,WT,,Pleurodeles waltl,AABF2564,,,,,
SAL_658,A1,Rack 5,12/10/24 0:00,,Aquatic,Unknown,,WT,,Pleurodeles waltl,AABF2564,,,,,
SAL_659,A2,Rack 5,12/10/24 0:00,,Aquatic,Unknown,,WT,,Pleurodeles waltl,AABF2564,,,,,
SAL_660,A2,Rack 5,12/10/24 0:00,,Aquatic,Unknown,,WT,,Pleurodeles waltl,AABF2564,,,,,
SAL_661,A2,Rack 5,12/10/24 0:00,,Aquatic,Unknown,,WT,,Pleurodeles waltl,AABF2564,,,,,
SAL_662,A2,Rack 5,12/10/24 0:00,,Aquatic,Unknown,,WT,,Pleurodeles waltl,AABF2564,,,,,
SAL_663,A2,Rack 5,12/10/24 0:00,,Aquatic,Unknown,,WT,,Pleurodeles waltl,AABF2564,,,,,
SAL_664,A2,Rack 5,12/10/24 0:00,,Aquatic,Unknown,,WT,,Pleurodeles waltl,AABF2564,,,,,
SAL_665,A2,Rack 5,12/10/24 0:00,,Aquatic,Unknown,,WT,,Pleurodeles waltl,AABF2564,,,,,
SAL_666,A2,Rack 5,12/10/24 0:00,,Aquatic,Unknown,,WT,,Pleurodeles waltl,AABF2564,,,,,
SAL_667,A3,Rack 5,12/19/24 0:00,,Aquatic,Unknown,,WT,,Pleurodeles waltl,AABF2564,,,,,
SAL_668,A3,Rack 5,12/19/24 0:00,,Aquatic,Unknown,,WT,,Pleurodeles waltl,AABF2564,,,,,
SAL_669,A3,Rack 5,12/19/24 0:00,,Aquatic,Unknown,,WT,,Pleurodeles waltl,AABF2564,,,,,
SAL_670,A3,Rack 5,12/19/24 0:00,,Aquatic,Unknown,,WT,,Pleurodeles waltl,AABF2564,,,,,
SAL_671,A3,Rack 5,12/19/24 0:00,,Aquatic,Unknown,,WT,,Pleurodeles waltl,AABF2564,,,,,
SAL_672,A3,Rack 5,12/19/24 0:00,,Aquatic,Unknown,,WT,,Pleurodeles waltl,AABF2564,,,,,
SAL_673,B1,Rack 5,12/10/24 0:00,,Aquatic,Unknown,,WT,,Pleurodeles waltl,AABF2564,,,,,
SAL_674,B1,Rack 5,12/10/24 0:00,,Aquatic,Unknown,,WT,,Pleurodeles waltl,AABF2564,,,,,
SAL_675,B1,Rack 5,12/10/24 0:00,,Aquatic,Unknown,,WT,,Pleurodeles waltl,AABF2564,,,,,
SAL_676,B1,Rack 5,12/10/24 0:00,,Aquatic,Unknown,,WT,,Pleurodeles waltl,AABF2564,,,,,
SAL_677,B1,Rack 5,12/10/24 0:00,,Aquatic,Unknown,,WT,,Pleurodeles waltl,AABF2564,,,,,
SAL_678,B1,Rack 5,12/10/24 0:00,,Aquatic,Unknown,,WT,,Pleurodeles waltl,AABF2564,,,,,
SAL_679,B1,Rack 5,12/10/24 0:00,,Aquatic,Unknown,,WT,,Pleurodeles waltl,AABF2564,,,,,
SAL_680,B1,Rack 5,12/10/24 0:00,,Aquatic,Unknown,,WT,,Pleurodeles waltl,AABF2564,,,,,
SAL_681,B2,Rack 5,12/10/24 0:00,,Aquatic,Unknown,,WT,,Pleurodeles waltl,AABF2564,,,,,
SAL_682,B2,Rack 5,12/10/24 0:00,,Aquatic,Unknown,,WT,,Pleurodeles waltl,AABF2564,,,,,
SAL_683,B2,Rack 5,12/10/24 0:00,,Aquatic,Unknown,,WT,,Pleurodeles waltl,AABF2564,,,,,
SAL_684,B2,Rack 5,12/10/24 0:00,,Aquatic,Unknown,,WT,,Pleurodeles waltl,AABF2564,,,,,
SAL_685,B2,Rack 5,12/10/24 0:00,,Aquatic,Unknown,,WT,,Pleurodeles waltl,AABF2564,,,,,
SAL_686,B2,Rack 5,12/10/24 0:00,,Aquatic,Unknown,,WT,,Pleurodeles waltl,AABF2564,,,,,
SAL_687,B2,Rack 5,12/10/24 0:00,,Aquatic,Unknown,,WT,,Pleurodeles waltl,AABF2564,,,,,
SAL_688,B2,Rack 5,12/10/24 0:00,,Aquatic,Unknown,,WT,,Pleurodeles waltl,AABF2564,,,,,
SAL_689,B3,Rack 5,11/25/24 0:00,,Aquatic,Unknown,,WT,,Pleurodeles waltl,AABF2564,,,,,
SAL_690,B3,Rack 5,11/25/24 0:00,,Aquatic,Unknown,,WT,,Pleurodeles waltl,AABF2564,,,,,
SAL_691,B3,Rack 5,11/25/24 0:00,,Aquatic,Unknown,,WT,,Pleurodeles waltl,AABF2564,,,,,
SAL_692,B3,Rack 5,11/25/24 0:00,,Aquatic,Unknown,,WT,,Pleurodeles waltl,AABF2564,,,,,
SAL_693,B3,Rack 5,11/25/24 0:00,,Aquatic,Unknown,,WT,,Pleurodeles waltl,AABF2564,,,,,
SAL_694,B3,Rack 5,11/25/24 0:00,,Aquatic,Unknown,,WT,,Pleurodeles waltl,AABF2564,,,,,
SAL_695,B4,Rack 5,12/10/24 0:00,,Aquatic,Unknown,,WT,,Pleurodeles waltl,AABF2564,,,,,
SAL_696,B4,Rack 5,12/10/24 0:00,,Aquatic,Unknown,,WT,,Pleurodeles waltl,AABF2564,,,,,
SAL_697,B4,Rack 5,12/10/24 0:00,,Aquatic,Unknown,,WT,,Pleurodeles waltl,AABF2564,,,,,
SAL_698,B4,Rack 5,12/10/24 0:00,,Aquatic,Unknown,,WT,,Pleurodeles waltl,AABF2564,,,,,
SAL_699,B4,Rack 5,12/10/24 0:00,,Aquatic,Unknown,,WT,,Pleurodeles waltl,AABF2564,,,,,
SAL_700,B4,Rack 5,12/10/24 0:00,,Aquatic,Unknown,,WT,,Pleurodeles waltl,AABF2564,,,,,
SAL_701,B4,Rack 5,12/10/24 0:00,,Aquatic,Unknown,,WT,,Pleurodeles waltl,AABF2564,,,,,
SAL_702,B4,Rack 5,12/10/24 0:00,,Aquatic,Unknown,,WT,,Pleurodeles waltl,AABF2564,,,,,
SAL_703,C1,Rack 5,12/10/24 0:00,,Aquatic,Unknown,,WT,,Pleurodeles waltl,AABF2564,,,,,
SAL_704,C1,Rack 5,12/10/24 0:00,,Aquatic,Unknown,,WT,,Pleurodeles waltl,AABF2564,,,,,
SAL_705,C1,Rack 5,12/10/24 0:00,,Aquatic,Unknown,,WT,,Pleurodeles waltl,AABF2564,,,,,
SAL_706,C1,Rack 5,12/10/24 0:00,,Aquatic,Unknown,,WT,,Pleurodeles waltl,AABF2564,,,,,
SAL_707,C1,Rack 5,12/10/24 0:00,,Aquatic,Unknown,,WT,,Pleurodeles waltl,AABF2564,,,,,
SAL_708,C1,Rack 5,12/10/24 0:00,,Aquatic,Unknown,,WT,,Pleurodeles waltl,AABF2564,,,,,
SAL_709,C1,Rack 5,12/10/24 0:00,,Aquatic,Unknown,,WT,,Pleurodeles waltl,AABF2564,,,,,
SAL_710,C1,Rack 5,12/10/24 0:00,,Aquatic,Unknown,,WT,,Pleurodeles waltl,AABF2564,,,,,
SAL_711,C2,Rack 5,12/10/24 0:00,,Aquatic,Unknown,,WT,,Pleurodeles waltl,AABF2564,,,,,
SAL_712,C2,Rack 5,12/10/24 0:00,,Aquatic,Unknown,,WT,,Pleurodeles waltl,AABF2564,,,,,
SAL_713,C2,Rack 5,12/10/24 0:00,,Aquatic,Unknown,,WT,,Pleurodeles waltl,AABF2564,,,,,
SAL_714,C2,Rack 5,12/10/24 0:00,,Aquatic,Unknown,,WT,,Pleurodeles waltl,AABF2564,,,,,
SAL_715,C2,Rack 5,12/10/24 0:00,,Aquatic,Unknown,,WT,,Pleurodeles waltl,AABF2564,,,,,
SAL_716,C2,Rack 5,12/10/24 0:00,,Aquatic,Unknown,,WT,,Pleurodeles waltl,AABF2564,,,,,
SAL_717,C2,Rack 5,12/10/24 0:00,,Aquatic,Unknown,,WT,,Pleurodeles waltl,AABF2564,,,,,
SAL_718,C3,Rack 5,12/10/24 0:00,,Aquatic,Unknown,,WT,,Pleurodeles waltl,AABF2564,,,,,
SAL_719,C3,Rack 5,12/10/24 0:00,,Aquatic,Unknown,,WT,,Pleurodeles waltl,AABF2564,,,,,
SAL_720,C3,Rack 5,12/10/24 0:00,,Aquatic,Unknown,,WT,,Pleurodeles waltl,AABF2564,,,,,
SAL_721,C3,Rack 5,12/10/24 0:00,,Aquatic,Unknown,,WT,,Pleurodeles waltl,AABF2564,,,,,
SAL_722,C3,Rack 5,12/10/24 0:00,,Aquatic,Unknown,,WT,,Pleurodeles waltl,AABF2564,,,,,
SAL_723,C3,Rack 5,12/10/24 0:00,,Aquatic,Unknown,,WT,,Pleurodeles waltl,AABF2564,,,,,
SAL_724,C3,Rack 5,12/10/24 0:00,,Aquatic,Unknown,,WT,,Pleurodeles waltl,AABF2564,,,,,
SAL_725,C4,Rack 5,12/10/24 0:00,,Aquatic,Unknown,,WT,,Pleurodeles waltl,AABF2564,,,,,
SAL_726,C4,Rack 5,12/10/24 0:00,,Aquatic,Unknown,,WT,,Pleurodeles waltl,AABF2564,,,,,
SAL_727,C4,Rack 5,12/10/24 0:00,,Aquatic,Unknown,,WT,,Pleurodeles waltl,AABF2564,,,,,
SAL_728,C4,Rack 5,12/10/24 0:00,,Aquatic,Unknown,,WT,,Pleurodeles waltl,AABF2564,,,,,
SAL_729,C4,Rack 5,12/10/24 0:00,,Aquatic,Unknown,,WT,,Pleurodeles waltl,AABF2564,,,,,
SAL_730,C3,Rack 1,3/12/25 0:00,,Aquatic,Unknown,,WT,GG,Polypterus senegalus,AABY5655,,,,,
SAL_731,C3,Rack 1,3/12/25 0:00,,Aquatic,Unknown,,WT,GG,Polypterus senegalus,AABY5655,,,,,